record_index,message_index,fragment_role,rule,source_file,source_project,commit_hash,range_start,range_end,has_test_case,test_files,test_kind,test_suite,test_command,test_run_status,line_total_in_range,line_covered_in_range,line_coverage_pct,branch_side_total_in_range,branch_side_covered_in_range,branch_coverage_pct,function_total_overlapping_range,function_covered_overlapping_range,function_coverage_pct,overlapping_coverage_functions,note,_source_csv
1,1,original,@extrulesproject/code-clone-fragment-check,agc-template-market-harmonyos-demos/BooksAndReferenceTemplate/BookRead/feature/book_person/src/main/ets/views/AboutPage.ets,agc-template-market-harmonyos-demos,b9445e27d154b3d9a800d9460f2773a56fd21bef,71,124,yes,agc-template-market-harmonyos-demos/BooksAndReferenceTemplate/BookRead/feature/book_person/src/ohosTest/ets/test/MemberCenterPage.test.ets;agc-template-market-harmonyos-demos/BooksAndReferenceTemplate/BookRead/feature/book_person/src/ohosTest/ets/test/FeedbackPage.test.ets;agc-template-market-harmonyos-demos/BooksAndReferenceTemplate/BookRead/feature/book_person/src/ohosTest/ets/test/List.test.ets;agc-template-market-harmonyos-demos/BooksAndReferenceTemplate/BookRead/feature/book_person/src/ohosTest/ets/test/LoginPage.test.ets;agc-template-market-harmonyos-demos/BooksAndReferenceTemplate/BookRead/feature/book_person/src/ohosTest/ets/test/Ability.test.ets;agc-template-market-harmonyos-demos/BooksAndReferenceTemplate/BookRead/feature/book_person/src/ohosTest/ets/test/RechargePage.test.ets;agc-template-market-harmonyos-demos/BooksAndReferenceTemplate/BookRead/feature/book_person/src/ohosTest/ets/test/AboutPage.test.ets;agc-template-market-harmonyos-demos/BooksAndReferenceTemplate/BookRead/feature/book_person/src/ohosTest/ets/test/MemberAgreementPage.test.ets;agc-template-market-harmonyos-demos/BooksAndReferenceTemplate/BookRead/feature/book_person/src/ohosTest/ets/test/MyInfoCard.test.ets,instrument-test,book_personAllSuites,hvigorw --no-daemon onDeviceTest -p module=book_person@ohosTest -p coverage=true -p scope=book_personAllSuites,passed,47,47,100.00,0,0,N/A,10,10,100.00,aboutCardView;anonymous_10;anonymous_11;anonymous_12;anonymous_13;anonymous_14;anonymous_15;anonymous_16;anonymous_17;anonymous_18,rerun passed: 10/10 tests,code-clone_coverage.csv
1,1,similar,@extrulesproject/code-clone-fragment-check,agc-template-market-harmonyos-demos/BooksAndReferenceTemplate/BookRead/feature/book_person/src/main/ets/views/AboutPage.ets,agc-template-market-harmonyos-demos,b9445e27d154b3d9a800d9460f2773a56fd21bef,128,185,yes,agc-template-market-harmonyos-demos/BooksAndReferenceTemplate/BookRead/feature/book_person/src/ohosTest/ets/test/MemberCenterPage.test.ets;agc-template-market-harmonyos-demos/BooksAndReferenceTemplate/BookRead/feature/book_person/src/ohosTest/ets/test/FeedbackPage.test.ets;agc-template-market-harmonyos-demos/BooksAndReferenceTemplate/BookRead/feature/book_person/src/ohosTest/ets/test/List.test.ets;agc-template-market-harmonyos-demos/BooksAndReferenceTemplate/BookRead/feature/book_person/src/ohosTest/ets/test/LoginPage.test.ets;agc-template-market-harmonyos-demos/BooksAndReferenceTemplate/BookRead/feature/book_person/src/ohosTest/ets/test/Ability.test.ets;agc-template-market-harmonyos-demos/BooksAndReferenceTemplate/BookRead/feature/book_person/src/ohosTest/ets/test/RechargePage.test.ets;agc-template-market-harmonyos-demos/BooksAndReferenceTemplate/BookRead/feature/book_person/src/ohosTest/ets/test/AboutPage.test.ets;agc-template-market-harmonyos-demos/BooksAndReferenceTemplate/BookRead/feature/book_person/src/ohosTest/ets/test/MemberAgreementPage.test.ets;agc-template-market-harmonyos-demos/BooksAndReferenceTemplate/BookRead/feature/book_person/src/ohosTest/ets/test/MyInfoCard.test.ets,instrument-test,book_personAllSuites,hvigorw --no-daemon onDeviceTest -p module=book_person@ohosTest -p coverage=true -p scope=book_personAllSuites,passed,48,48,100.00,0,0,N/A,11,11,100.00,aboutCardView;anonymous_10;anonymous_20;anonymous_21;anonymous_22;anonymous_23;anonymous_24;anonymous_25;anonymous_26;anonymous_27;anonymous_28,rerun passed: 10/10 tests,code-clone_coverage.csv
2,1,original,@extrulesproject/code-clone-fragment-check,agc-template-market-harmonyos-demos/BusinessTemplate/OfficeAttendance/scenes/agency/src/main/ets/mock/DataManager.ets,agc-template-market-harmonyos-demos,52a9a475b6bf52d4878644a020c7add0884d328e,13,33,yes,agc-template-market-harmonyos-demos/BusinessTemplate/OfficeAttendance/scenes/agency/src/ohosTest/ets/test/DataManager.test.ets;agc-template-market-harmonyos-demos/BusinessTemplate/OfficeAttendance/scenes/agency/src/ohosTest/ets/test/Ability.test.ets;agc-template-market-harmonyos-demos/BusinessTemplate/OfficeAttendance/scenes/agency/src/ohosTest/ets/test/List.test.ets,instrument-test,DataManagerTest+ActsAbilityTest,hvigorw --no-daemon onDeviceTest -p module=agency@ohosTest -p coverage=true -p scope=DataManagerTest+ActsAbilityTest,passed,15,15,100.00,4,4,100.00,3,3,100.00,DataManager.getId;DataManager.saveTodo;anonymous_0,PR #24 acceptance: agency DataManager lines/branches/functions 100%,code-clone_coverage.csv
2,1,similar,@extrulesproject/code-clone-fragment-check,agc-template-market-harmonyos-demos/BusinessTemplate/OfficeAttendance/scenes/schedule/src/main/ets/mock/DataManager.ets,agc-template-market-harmonyos-demos,d7183319c204f878f978656cd7cd065cc8a48cbf,13,33,yes,agc-template-market-harmonyos-demos/BusinessTemplate/OfficeAttendance/scenes/schedule/src/ohosTest/ets/test/DataManager.test.ets;agc-template-market-harmonyos-demos/BusinessTemplate/OfficeAttendance/scenes/schedule/src/ohosTest/ets/test/ScheduleForm.test.ets;agc-template-market-harmonyos-demos/BusinessTemplate/OfficeAttendance/scenes/schedule/src/ohosTest/ets/test/Ability.test.ets,instrument-test,ScheduleDataManagerTest+ScheduleFormTest+ActsAbilityTest,hvigorw --no-daemon onDeviceTest -p module=schedule@ohosTest -p coverage=true -p scope=ScheduleDataManagerTest,passed,15,15,100.00,4,4,100.00,3,3,100.00,DataManager.getId;DataManager.saveOne;anonymous_0,direct insert/update tests cover every executable line and both branch sides,code-clone_coverage.csv
3,1,original,@extrulesproject/code-clone-fragment-check,agc-template-market-harmonyos-demos/CarsTemplate/DriverLicenseExam/products/entry/src/main/ets/pages/mine/PersonalSetting.ets,agc-template-market-harmonyos-demos,d7183319c204f878f978656cd7cd065cc8a48cbf,71,91,yes,agc-template-market-harmonyos-demos/CarsTemplate/DriverLicenseExam/products/entry/src/ohosTest/ets/test/List.test.ets;agc-template-market-harmonyos-demos/CarsTemplate/DriverLicenseExam/products/entry/src/ohosTest/ets/test/PersonalSetting.test.ets,instrument-test,PersonalSettingTest,hvigorw --no-daemon onDeviceTest -p module=entry@ohosTest -p coverage=true -p scope=PersonalSettingTest,passed,18,18,100.00,0,0,N/A,9,9,100.00,initialRender;anonymous_15;anonymous_17;anonymous_18;anonymous_19;anonymous_20;anonymous_21;anonymous_22;anonymous_23,device rerun passed; test host injects a no-op agreement event to cover click callbacks without loading the unavailable entry.hsp route,code-clone_coverage.csv
3,1,similar,@extrulesproject/code-clone-fragment-check,agc-template-market-harmonyos-demos/CarsTemplate/DriverLicenseExam/products/entry/src/main/ets/pages/mine/PersonalSetting.ets,agc-template-market-harmonyos-demos,d7183319c204f878f978656cd7cd065cc8a48cbf,93,113,yes,agc-template-market-harmonyos-demos/CarsTemplate/DriverLicenseExam/products/entry/src/ohosTest/ets/test/List.test.ets;agc-template-market-harmonyos-demos/CarsTemplate/DriverLicenseExam/products/entry/src/ohosTest/ets/test/PersonalSetting.test.ets,instrument-test,PersonalSettingTest,hvigorw --no-daemon onDeviceTest -p module=entry@ohosTest -p coverage=true -p scope=PersonalSettingTest,passed,17,17,100.00,0,0,N/A,10,10,100.00,initialRender;anonymous_15;anonymous_17;anonymous_18;anonymous_19;anonymous_24;anonymous_25;anonymous_26;anonymous_27;anonymous_28,device rerun passed; both agreement click callbacks are covered without route-loading crash,code-clone_coverage.csv
4,1,original,@extrulesproject/code-clone-fragment-check,agc-template-market-harmonyos-demos/EducationTemplate/Exam/components/login_info/src/main/ets/components/QuickLogin.ets,agc-template-market-harmonyos-demos,d7183319c204f878f978656cd7cd065cc8a48cbf,311,370,yes,agc-template-market-harmonyos-demos/EducationTemplate/Exam/components/login_info/src/ohosTest/ets/test/List.test.ets;agc-template-market-harmonyos-demos/EducationTemplate/Exam/components/login_info/src/ohosTest/ets/test/QuickLogin.test.ets,instrument-test,QuickLoginCoverTest,hvigorw --no-daemon onDeviceTest -p module=login_info@ohosTest -p coverage=true -p scope=QuickLoginCoverTest,passed,47,47,100.00,12,11,91.67,20,20,100.00,CoverLogin;anonymous_27;anonymous_28;anonymous_29;anonymous_36;anonymous_40;anonymous_41;anonymous_42;anonymous_43;anonymous_44;anonymous_45;anonymous_46;anonymous_47;anonymous_48;anonymous_49;anonymous_50;anonymous_51;anonymous_52;anonymous_53;anonymous_55,rerun passed: both checkbox states and all three privacy callbacks covered,code-clone_coverage.csv
4,1,similar,@extrulesproject/code-clone-fragment-check,agc-template-market-harmonyos-demos/EducationTemplate/Exam/components/login_info/src/main/ets/components/QuickLogin.ets,agc-template-market-harmonyos-demos,d7183319c204f878f978656cd7cd065cc8a48cbf,453,510,yes,agc-template-market-harmonyos-demos/EducationTemplate/Exam/components/login_info/src/ohosTest/ets/test/List.test.ets;agc-template-market-harmonyos-demos/EducationTemplate/Exam/components/login_info/src/ohosTest/ets/test/QuickLogin.test.ets,instrument-test,QuickLoginCoverTest,hvigorw --no-daemon onDeviceTest -p module=login_info@ohosTest -p coverage=true -p scope=QuickLoginCoverTest,passed,43,43,100.00,12,11,91.67,20,20,100.00,DefaultLogin;anonymous_56;anonymous_57;anonymous_67;anonymous_68;anonymous_70;anonymous_71;anonymous_72;anonymous_73;anonymous_74;anonymous_75;anonymous_76;anonymous_77;anonymous_78;anonymous_79;anonymous_80;anonymous_81;anonymous_82;anonymous_83;anonymous_85,rerun passed: default view checkbox states and all three privacy callbacks covered,code-clone_coverage.csv
5,1,original,@extrulesproject/code-clone-fragment-check,agc-template-market-harmonyos-demos/EducationTemplate/Exam/features/homePage/src/main/ets/model/PracticeMode.ets,agc-template-market-harmonyos-demos,8d76d0299bf144b7f2530972b68a757879ffdb83,19,139,yes,agc-template-market-harmonyos-demos/EducationTemplate/Exam/features/homePage/src/ohosTest/ets/test/List.test.ets;agc-template-market-harmonyos-demos/EducationTemplate/Exam/features/homePage/src/ohosTest/ets/test/PracticeMode.test.ets,instrument-test,PracticeModeInstrumentTest,"hvigorw --no-daemon onDeviceTest -p module=homePage@ohosTest -p coverage=true -p scope=PracticeModeInstrumentTest,AuthenticationPageInstrumentTest",passed,33,33,100.00,4,4,100.00,16,16,100.00,PracticeView.constructor;PracticeDataSource.constructor;PracticeDataSource.getData;PracticeDataSource.totalCount;PracticeDataSource.registerDataChangeListener;PracticeDataSource.unregisterDataChangeListener;PracticeDataSource.notifyDataReload;anonymous_0;PracticeDataSource.notifyDataAdd;anonymous_1;PracticeDataSource.notifyDataChange;anonymous_2;PracticeDataSource.notifyDataDelete;anonymous_3;PracticeDataSource.notifyDataMove;anonymous_4,PR #24 acceptance: PracticeMode lines/branches/functions 100%,code-clone_coverage.csv
5,1,similar,@extrulesproject/code-clone-fragment-check,agc-template-market-harmonyos-demos/EducationTemplate/Exam/features/topicPage/src/main/ets/viewModel/PracticeMode.ets,agc-template-market-harmonyos-demos,8d76d0299bf144b7f2530972b68a757879ffdb83,17,139,yes,agc-template-market-harmonyos-demos/EducationTemplate/Exam/features/topicPage/src/ohosTest/ets/test/List.test.ets;agc-template-market-harmonyos-demos/EducationTemplate/Exam/features/topicPage/src/ohosTest/ets/test/PracticeMode.test.ets,instrument-test,PracticeModeInstrumentTest,hvigorw --no-daemon onDeviceTest -p module=topicPage@ohosTest -p coverage=true -p scope=PracticeModeInstrumentTest,passed,33,33,100.00,4,4,100.00,16,16,100.00,PracticeMode.constructor;PracticeDataSource.constructor;PracticeDataSource.getData;PracticeDataSource.totalCount;PracticeDataSource.registerDataChangeListener;PracticeDataSource.unregisterDataChangeListener;PracticeDataSource.notifyDataReload;anonymous_0;PracticeDataSource.notifyDataAdd;anonymous_1;PracticeDataSource.notifyDataChange;anonymous_2;PracticeDataSource.notifyDataDelete;anonymous_3;PracticeDataSource.notifyDataMove;anonymous_4,PR #24 acceptance: PracticeMode lines/branches/functions 100%,code-clone_coverage.csv
6,1,original,@extrulesproject/code-clone-fragment-check,agc-template-market-harmonyos-demos/EducationTemplate/Exam/features/homePage/src/main/ets/pages/AuthenticationPage.ets,agc-template-market-harmonyos-demos,8d76d0299bf144b7f2530972b68a757879ffdb83,1,71,yes,agc-template-market-harmonyos-demos/EducationTemplate/Exam/features/homePage/src/ohosTest/ets/test/AuthenticationPage.test.ets;agc-template-market-harmonyos-demos/EducationTemplate/Exam/features/homePage/src/ohosTest/ets/test/List.test.ets,instrument-test,AuthenticationPageInstrumentTest,"hvigorw --no-daemon onDeviceTest -p module=homePage@ohosTest -p coverage=true -p scope=PracticeModeInstrumentTest,AuthenticationPageInstrumentTest",passed,62,62,100.00,0,0,N/A,7,7,100.00,AuthenticationPageBuilder;anonymous_1;initialRender;anonymous_3;anonymous_4;anonymous_5;anonymous_6,PR #24 acceptance: AuthenticationPage executable lines/functions 100%; no branch denominator,code-clone_coverage.csv
6,1,similar,@extrulesproject/code-clone-fragment-check,agc-template-market-harmonyos-demos/EducationTemplate/Exam/features/minePage/src/main/ets/views/AuthenticationPage.ets,agc-template-market-harmonyos-demos,57e5cea82eb459dbacbb753ec39f625cd88bada9,1,71,yes,agc-template-market-harmonyos-demos/EducationTemplate/Exam/features/minePage/src/ohosTest/ets/test/AuthenticationPage.test.ets;agc-template-market-harmonyos-demos/EducationTemplate/Exam/features/minePage/src/ohosTest/ets/test/List.test.ets,instrument-test,AuthenticationPageInstrumentTest,"hvigorw --no-daemon onDeviceTest -p module=minePage@ohosTest -p coverage=true -p scope=AuthenticationPageInstrumentTest,CollectionPageInstrumentTest,CoursePageInstrumentTest",passed,59,59,100.00,0,0,N/A,7,7,100.00,AuthenticationPageBuilder;anonymous_1;initialRender;anonymous_3;anonymous_4;anonymous_5;anonymous_6,PR #24 acceptance: AuthenticationPage executable lines/functions 100%; no branch denominator,code-clone_coverage.csv
7,1,original,@extrulesproject/code-clone-fragment-check,agc-template-market-harmonyos-demos/EducationTemplate/Exam/features/minePage/src/main/ets/views/CollectionPage.ets,agc-template-market-harmonyos-demos,57e5cea82eb459dbacbb753ec39f625cd88bada9,20,46,yes,agc-template-market-harmonyos-demos/EducationTemplate/Exam/features/minePage/src/ohosTest/ets/test/CollectionPage.test.ets;agc-template-market-harmonyos-demos/EducationTemplate/Exam/features/minePage/src/ohosTest/ets/test/List.test.ets,instrument-test,CollectionPageInstrumentTest,"hvigorw --no-daemon onDeviceTest -p module=minePage@ohosTest -p coverage=true -p scope=AuthenticationPageInstrumentTest,CollectionPageInstrumentTest,CoursePageInstrumentTest",passed,3,3,100.00,0,0,N/A,1,1,100.00,aboutToDisappear,Adjusted by documented decorator rule: exclude @Local/@Param declaration lines and compiler-generated initializer/reset functions; all explicit executable lines and functions in the fragment are covered,code-clone_coverage.csv
7,1,similar,@extrulesproject/code-clone-fragment-check,agc-template-market-harmonyos-demos/EducationTemplate/Exam/features/minePage/src/main/ets/views/CoursePage.ets,agc-template-market-harmonyos-demos,d7183319c204f878f978656cd7cd065cc8a48cbf,20,47,yes,agc-template-market-harmonyos-demos/EducationTemplate/Exam/features/minePage/src/ohosTest/ets/test/CoursePage.test.ets;agc-template-market-harmonyos-demos/EducationTemplate/Exam/features/minePage/src/ohosTest/ets/test/List.test.ets,instrument-test,CoursePageInstrumentTest,"hvigorw --no-daemon onDeviceTest -p module=minePage@ohosTest -p coverage=true -p scope=AuthenticationPageInstrumentTest,CollectionPageInstrumentTest,CoursePageInstrumentTest",passed,4,4,100.00,0,0,N/A,3,3,100.00,aboutToDisappear;initialRender;anonymous_3,Adjusted by documented decorator rule: exclude @Local declaration lines and compiler-generated initializer/reset functions; all explicit executable lines and functions in the fragment are covered,code-clone_coverage.csv
8,2,original,@extrulesproject/code-clone-fragment-check,agc-template-market-harmonyos-demos/EducationTemplate/Exam/features/minePage/src/main/ets/views/CollectionPage.ets,agc-template-market-harmonyos-demos,57e5cea82eb459dbacbb753ec39f625cd88bada9,73,93,yes,agc-template-market-harmonyos-demos/EducationTemplate/Exam/features/minePage/src/ohosTest/ets/test/CollectionPage.test.ets;agc-template-market-harmonyos-demos/EducationTemplate/Exam/features/minePage/src/ohosTest/ets/test/List.test.ets,instrument-test,CollectionPageInstrumentTest,"hvigorw --no-daemon onDeviceTest -p module=minePage@ohosTest -p coverage=true -p scope=AuthenticationPageInstrumentTest,CollectionPageInstrumentTest,CoursePageInstrumentTest",passed,14,14,100.00,2,2,100.00,7,7,100.00,initialRender;deleteButtonBuilder;anonymous_13;anonymous_14;anonymous_15;anonymous_17;anonymous_18,"PR #24 acceptance: CollectionPage file aggregate lines 46/58 (79.31%), functions 14/18 (77.78%), branches 100%; fragment metrics retained",code-clone_coverage.csv
8,2,similar,@extrulesproject/code-clone-fragment-check,agc-template-market-harmonyos-demos/EducationTemplate/Exam/features/minePage/src/main/ets/views/CoursePage.ets,agc-template-market-harmonyos-demos,d7183319c204f878f978656cd7cd065cc8a48cbf,74,94,yes,agc-template-market-harmonyos-demos/EducationTemplate/Exam/features/minePage/src/ohosTest/ets/test/CoursePage.test.ets;agc-template-market-harmonyos-demos/EducationTemplate/Exam/features/minePage/src/ohosTest/ets/test/List.test.ets,instrument-test,CoursePageInstrumentTest,hvigorw --no-daemon onDeviceTest -p module=minePage@ohosTest -p coverage=true -p scope=CoursePageInstrumentTest,passed,16,16,100.00,2,2,100.00,7,7,100.00,deleteButtonBuilder;anonymous_10;anonymous_11;anonymous_12;anonymous_13;anonymous_14;anonymous_15,device rerun passed; stable top action and selectable data cover all executable lines functions and branches,code-clone_coverage.csv
9,3,original,@extrulesproject/code-clone-fragment-check,agc-template-market-harmonyos-demos/EducationTemplate/Exam/features/minePage/src/main/ets/views/CollectionPage.ets,agc-template-market-harmonyos-demos,57e5cea82eb459dbacbb753ec39f625cd88bada9,95,125,yes,agc-template-market-harmonyos-demos/EducationTemplate/Exam/features/minePage/src/ohosTest/ets/test/CollectionPage.test.ets;agc-template-market-harmonyos-demos/EducationTemplate/Exam/features/minePage/src/ohosTest/ets/test/List.test.ets,instrument-test,CollectionPageInstrumentTest,"hvigorw --no-daemon onDeviceTest -p module=minePage@ohosTest -p coverage=true -p scope=AuthenticationPageInstrumentTest,CollectionPageInstrumentTest,CoursePageInstrumentTest",passed,19,19,100.00,6,6,100.00,9,9,100.00,deleteButtonBuilder;anonymous_13;anonymous_15;anonymous_16;deleteSelectData;anonymous_20;isSelectAllClick;anonymous_21;anonymous_22,"PR #24 acceptance: CollectionPage file aggregate lines 46/58 (79.31%), functions 14/18 (77.78%), branches 100%; fragment metrics retained",code-clone_coverage.csv
9,3,similar,@extrulesproject/code-clone-fragment-check,agc-template-market-harmonyos-demos/EducationTemplate/Exam/features/minePage/src/main/ets/views/CoursePage.ets,agc-template-market-harmonyos-demos,d7183319c204f878f978656cd7cd065cc8a48cbf,96,126,yes,agc-template-market-harmonyos-demos/EducationTemplate/Exam/features/minePage/src/ohosTest/ets/test/CoursePage.test.ets;agc-template-market-harmonyos-demos/EducationTemplate/Exam/features/minePage/src/ohosTest/ets/test/List.test.ets,instrument-test,CoursePageInstrumentTest,hvigorw --no-daemon onDeviceTest -p module=minePage@ohosTest -p coverage=true -p scope=CoursePageInstrumentTest,passed,18,18,100.00,6,6,100.00,8,8,100.00,deleteButtonBuilder;anonymous_10;anonymous_12;deleteSelectData;anonymous_17;isSelectAllClick;anonymous_18;anonymous_19,device rerun passed; selected and empty delete paths plus both select-all branches are covered,code-clone_coverage.csv
10,1,original,@extrulesproject/code-clone-fragment-check,agc-template-market-harmonyos-demos/EntertainmentTemplate/MuseumTicket/features/home/src/main/ets/component/RecommendBar.ets,agc-template-market-harmonyos-demos,a94cda35dc27ed7a9425f23d16c1822ec7b6973f,3,53,yes,agc-template-market-harmonyos-demos/EntertainmentTemplate/MuseumTicket/features/home/src/ohosTest/ets/test/List.test.ets;agc-template-market-harmonyos-demos/EntertainmentTemplate/MuseumTicket/features/home/src/ohosTest/ets/test/RecommendBar.test.ets,instrument-test,RecommendBarTest,hvigorw --no-daemon onDeviceTest -p module=home@ohosTest -p coverage=true -p scope=RecommendBarTest,passed,41,41,100.00,0,0,N/A,15,15,100.00,initialRender;anonymous_1;anonymous_2;anonymous_3;anonymous_4;anonymous_5;anonymous_7;anonymous_8;anonymous_9;anonymous_10;anonymous_11;anonymous_12;anonymous_13;anonymous_14;anonymous_15,"hvigor printed getInitCoverageData failed, but test_result.txt passed and coverageReport.json was emitted",code-clone_coverage.csv
10,1,similar,@extrulesproject/code-clone-fragment-check,agc-template-market-harmonyos-demos/EntertainmentTemplate/MuseumTicket/features/mine/src/main/ets/components/RecommendBar.ets,agc-template-market-harmonyos-demos,19e92afe273197fc2ff4a669341d5a8dd26f5ff6,3,53,yes,agc-template-market-harmonyos-demos/EntertainmentTemplate/MuseumTicket/features/mine/src/ohosTest/ets/test/List.test.ets;agc-template-market-harmonyos-demos/EntertainmentTemplate/MuseumTicket/features/mine/src/ohosTest/ets/test/RecommendBar.test.ets,instrument-test,MineRecommendBarTest,hvigorw --no-daemon onDeviceTest -p module=mine@ohosTest -p coverage=true -p scope=MineRecommendBarTest,passed,41,41,100.00,0,0,N/A,15,15,100.00,initialRender;anonymous_1;anonymous_2;anonymous_3;anonymous_4;anonymous_5;anonymous_7;anonymous_8;anonymous_9;anonymous_10;anonymous_11;anonymous_12;anonymous_13;anonymous_14;anonymous_15,exported function is RecommendBarTest; actual describe scope is MineRecommendBarTest; hvigor printed getInitCoverageData failed but emitted coverage report,code-clone_coverage.csv
11,1,original,@extrulesproject/code-clone-fragment-check,agc-template-market-harmonyos-demos/EntertainmentTemplate/MuseumTicket/features/mine/src/main/ets/pages/AddVisitorPage.ets,agc-template-market-harmonyos-demos,8d76d0299bf144b7f2530972b68a757879ffdb83,1,158,yes,agc-template-market-harmonyos-demos/EntertainmentTemplate/MuseumTicket/features/mine/src/ohosTest/ets/test/List.test.ets;agc-template-market-harmonyos-demos/EntertainmentTemplate/MuseumTicket/features/mine/src/ohosTest/ets/test/AddVisitorPage.test.ets,instrument-test,AddVisitorPageTest,hvigorw --no-daemon onDeviceTest -p module=mine@ohosTest -p coverage=true -p scope=AddVisitorPageTest,passed,43,41,95.35,16,15,93.75,41,40,97.56,AddVisitorPageBuilder;anonymous_1;resetStateVarsOnReuse;cloneContact;isContactInfoValid;upDateContactInfo;anonymous_3;aboutToAppear;aboutToDisappear;initialRender;anonymous_4;anonymous_5;anonymous_6;anonymous_7;anonymous_8;anonymous_9;anonymous_10;anonymous_11;anonymous_12;anonymous_13;anonymous_14;anonymous_15;anonymous_16;anonymous_17;anonymous_18;anonymous_19;anonymous_20;anonymous_21;anonymous_22;anonymous_23;anonymous_24;anonymous_25;anonymous_26;anonymous_27;anonymous_28;anonymous_29;anonymous_30;anonymous_31;anonymous_32,"PR #24 acceptance: AddVisitorPage/EditVisitorPage lines 95.35%, functions 97.56%, branches 93.75%",code-clone_coverage.csv
11,1,similar,@extrulesproject/code-clone-fragment-check,agc-template-market-harmonyos-demos/EntertainmentTemplate/MuseumTicket/features/mine/src/main/ets/pages/EditVisitorPage.ets,agc-template-market-harmonyos-demos,8d76d0299bf144b7f2530972b68a757879ffdb83,1,158,yes,agc-template-market-harmonyos-demos/EntertainmentTemplate/MuseumTicket/features/mine/src/ohosTest/ets/test/List.test.ets;agc-template-market-harmonyos-demos/EntertainmentTemplate/MuseumTicket/features/mine/src/ohosTest/ets/test/EditVisitorPage.test.ets,instrument-test,EditVisitorPageTest,hvigorw --no-daemon onDeviceTest -p module=mine@ohosTest -p coverage=true -p scope=EditVisitorPageTest,passed,43,41,95.35,16,15,93.75,41,40,97.56,EditVisitorPageBuilder;anonymous_1;resetStateVarsOnReuse;cloneContact;isContactInfoValid;upDateContactInfo;anonymous_3;aboutToAppear;aboutToDisappear;initialRender;anonymous_4;anonymous_5;anonymous_6;anonymous_7;anonymous_8;anonymous_9;anonymous_10;anonymous_11;anonymous_12;anonymous_13;anonymous_14;anonymous_15;anonymous_16;anonymous_17;anonymous_18;anonymous_19;anonymous_20;anonymous_21;anonymous_22;anonymous_23;anonymous_24;anonymous_25;anonymous_26;anonymous_27;anonymous_28;anonymous_29;anonymous_30;anonymous_31;anonymous_32,"PR #24 acceptance: AddVisitorPage/EditVisitorPage lines 95.35%, functions 97.56%, branches 93.75%",code-clone_coverage.csv
12,1,original,@extrulesproject/code-clone-fragment-check,agc-template-market-harmonyos-demos/FinanceTemplate/FinancialManagement/commons/componentlib/src/main/ets/components/CommonProductProfile.ets,agc-template-market-harmonyos-demos,50634e2ca8454de0ec32b192c45c9550008aec84,39,56,yes,agc-template-market-harmonyos-demos/FinanceTemplate/FinancialManagement/commons/componentlib/src/ohosTest/ets/test/List.test.ets;agc-template-market-harmonyos-demos/FinanceTemplate/FinancialManagement/commons/componentlib/src/ohosTest/ets/test/CommonProductProfile.test.ets,instrument-test,CommonProductProfileTest,hvigorw --no-daemon onDeviceTest -p module=componentlib@ohosTest -p coverage=true -p scope=CommonProductProfileTest,passed,16,16,100.00,2,2,100.00,7,7,100.00,initialRender;anonymous_6;anonymous_11;anonymous_12;anonymous_13;anonymous_14;anonymous_15,rerun passed: 2/2 tests,code-clone_coverage.csv
12,1,similar,@extrulesproject/code-clone-fragment-check,agc-template-market-harmonyos-demos/FinanceTemplate/FinancialManagement/commons/componentlib/src/main/ets/components/CommonProductProfile.ets,agc-template-market-harmonyos-demos,50634e2ca8454de0ec32b192c45c9550008aec84,67,84,yes,agc-template-market-harmonyos-demos/FinanceTemplate/FinancialManagement/commons/componentlib/src/ohosTest/ets/test/List.test.ets;agc-template-market-harmonyos-demos/FinanceTemplate/FinancialManagement/commons/componentlib/src/ohosTest/ets/test/CommonProductProfile.test.ets,instrument-test,CommonProductProfileTest,hvigorw --no-daemon onDeviceTest -p module=componentlib@ohosTest -p coverage=true -p scope=CommonProductProfileTest,passed,16,16,100.00,2,2,100.00,7,7,100.00,initialRender;anonymous_6;anonymous_16;anonymous_17;anonymous_18;anonymous_19;anonymous_20,rerun passed: 2/2 tests,code-clone_coverage.csv
13,1,original,@extrulesproject/code-clone-fragment-check,agc-template-market-harmonyos-demos/FinanceTemplate/FinancialManagement/scenes/tab/mine/src/main/ets/pages/EditNamePage.ets,agc-template-market-harmonyos-demos,b26d8054dada0583cca89ab1f2d5f8f967088d43,18,70,yes,agc-template-market-harmonyos-demos/FinanceTemplate/FinancialManagement/scenes/tab/mine/src/ohosTest/ets/test/EditNamePage.test.ets;agc-template-market-harmonyos-demos/FinanceTemplate/FinancialManagement/scenes/tab/mine/src/ohosTest/ets/test/EditPhonePage.test.ets;agc-template-market-harmonyos-demos/FinanceTemplate/FinancialManagement/scenes/tab/mine/src/ohosTest/ets/test/EditNamePageVM.test.ets;agc-template-market-harmonyos-demos/FinanceTemplate/FinancialManagement/scenes/tab/mine/src/ohosTest/ets/test/EditPhonePageVM.test.ets;agc-template-market-harmonyos-demos/FinanceTemplate/FinancialManagement/scenes/tab/mine/src/ohosTest/ets/test/EditPagesRender.test.ets,instrument-test,EditNamePageTest;EditPhonePageTest;EditNamePageVMTest;EditPhonePageVMTest;EditPagesRenderTest,"hvigorw --no-daemon onDeviceTest -p module=mine@ohosTest -p coverage=true -p scope=EditNamePageTest,EditPhonePageTest,EditNamePageVMTest,EditPhonePageVMTest,EditPagesRenderTest",passed,38,38,100.00,2,2,100.00,11,10,90.91,initialRender;anonymous_3;anonymous_5;anonymous_6;anonymous_7;anonymous_8;anonymous_9;anonymous_10;anonymous_11;anonymous_13;anonymous_14,"PR #24 acceptance: FinancialManagement EditNamePage lines 100%, functions 90.91%, branches 100%",code-clone_coverage.csv
13,1,similar,@extrulesproject/code-clone-fragment-check,agc-template-market-harmonyos-demos/FinanceTemplate/FinancialManagement/scenes/tab/mine/src/main/ets/pages/EditPhonePage.ets,agc-template-market-harmonyos-demos,b26d8054dada0583cca89ab1f2d5f8f967088d43,18,70,yes,agc-template-market-harmonyos-demos/FinanceTemplate/FinancialManagement/scenes/tab/mine/src/ohosTest/ets/test/EditNamePage.test.ets;agc-template-market-harmonyos-demos/FinanceTemplate/FinancialManagement/scenes/tab/mine/src/ohosTest/ets/test/EditPhonePage.test.ets;agc-template-market-harmonyos-demos/FinanceTemplate/FinancialManagement/scenes/tab/mine/src/ohosTest/ets/test/EditNamePageVM.test.ets;agc-template-market-harmonyos-demos/FinanceTemplate/FinancialManagement/scenes/tab/mine/src/ohosTest/ets/test/EditPhonePageVM.test.ets;agc-template-market-harmonyos-demos/FinanceTemplate/FinancialManagement/scenes/tab/mine/src/ohosTest/ets/test/EditPagesRender.test.ets,instrument-test,EditNamePageTest;EditPhonePageTest;EditNamePageVMTest;EditPhonePageVMTest;EditPagesRenderTest,"hvigorw --no-daemon onDeviceTest -p module=mine@ohosTest -p coverage=true -p scope=EditNamePageTest,EditPhonePageTest,EditNamePageVMTest,EditPhonePageVMTest,EditPagesRenderTest",passed,38,36,94.74,2,2,100.00,11,10,90.91,initialRender;anonymous_3;anonymous_5;anonymous_6;anonymous_7;anonymous_8;anonymous_9;anonymous_10;anonymous_11;anonymous_13;anonymous_14,rerun passed: 40/40 tests,code-clone_coverage.csv
14,1,original,@extrulesproject/code-clone-fragment-check,agc-template-market-harmonyos-demos/FinanceTemplate/FinancialManagement/scenes/tab/mine/src/main/ets/viewModels/EditNamePageVM.ets,agc-template-market-harmonyos-demos,b26d8054dada0583cca89ab1f2d5f8f967088d43,6,40,yes,agc-template-market-harmonyos-demos/FinanceTemplate/FinancialManagement/scenes/tab/mine/src/ohosTest/ets/test/EditNamePage.test.ets;agc-template-market-harmonyos-demos/FinanceTemplate/FinancialManagement/scenes/tab/mine/src/ohosTest/ets/test/EditPhonePage.test.ets;agc-template-market-harmonyos-demos/FinanceTemplate/FinancialManagement/scenes/tab/mine/src/ohosTest/ets/test/EditNamePageVM.test.ets;agc-template-market-harmonyos-demos/FinanceTemplate/FinancialManagement/scenes/tab/mine/src/ohosTest/ets/test/EditPhonePageVM.test.ets;agc-template-market-harmonyos-demos/FinanceTemplate/FinancialManagement/scenes/tab/mine/src/ohosTest/ets/test/EditPagesRender.test.ets,instrument-test,EditNamePageTest;EditPhonePageTest;EditNamePageVMTest;EditPhonePageVMTest;EditPagesRenderTest,"hvigorw --no-daemon onDeviceTest -p module=mine@ohosTest -p coverage=true -p scope=EditNamePageTest,EditPhonePageTest,EditNamePageVMTest,EditPhonePageVMTest,EditPagesRenderTest",passed,17,17,100.00,8,8,100.00,4,4,100.00,EditNamePageVM.instance;EditNamePageVM.init;EditNamePageVM.clear;EditNamePageVM.modify,rerun passed: 40/40 tests,code-clone_coverage.csv
14,1,similar,@extrulesproject/code-clone-fragment-check,agc-template-market-harmonyos-demos/FinanceTemplate/FinancialManagement/scenes/tab/mine/src/main/ets/viewModels/EditPhonePageVM.ets,agc-template-market-harmonyos-demos,b26d8054dada0583cca89ab1f2d5f8f967088d43,6,40,yes,agc-template-market-harmonyos-demos/FinanceTemplate/FinancialManagement/scenes/tab/mine/src/ohosTest/ets/test/EditNamePage.test.ets;agc-template-market-harmonyos-demos/FinanceTemplate/FinancialManagement/scenes/tab/mine/src/ohosTest/ets/test/EditPhonePage.test.ets;agc-template-market-harmonyos-demos/FinanceTemplate/FinancialManagement/scenes/tab/mine/src/ohosTest/ets/test/EditNamePageVM.test.ets;agc-template-market-harmonyos-demos/FinanceTemplate/FinancialManagement/scenes/tab/mine/src/ohosTest/ets/test/EditPhonePageVM.test.ets;agc-template-market-harmonyos-demos/FinanceTemplate/FinancialManagement/scenes/tab/mine/src/ohosTest/ets/test/EditPagesRender.test.ets,instrument-test,EditNamePageTest;EditPhonePageTest;EditNamePageVMTest;EditPhonePageVMTest;EditPagesRenderTest,"hvigorw --no-daemon onDeviceTest -p module=mine@ohosTest -p coverage=true -p scope=EditNamePageTest,EditPhonePageTest,EditNamePageVMTest,EditPhonePageVMTest,EditPagesRenderTest",passed,17,17,100.00,8,8,100.00,4,4,100.00,EditPhonePageVM.instance;EditPhonePageVM.init;EditPhonePageVM.clear;EditPhonePageVM.modify,rerun passed: 40/40 tests,code-clone_coverage.csv
15,1,original,@extrulesproject/code-clone-fragment-check,agc-template-market-harmonyos-demos/KidsTemplate/ChildrenEducation/scenes/tabs/minepage/src/main/ets/views/settings/TimeCtrl.ets,agc-template-market-harmonyos-demos,b26d8054dada0583cca89ab1f2d5f8f967088d43,90,100,yes,agc-template-market-harmonyos-demos/KidsTemplate/ChildrenEducation/scenes/tabs/minepage/src/ohosTest/ets/test/TimeCtrlRender.test.ets;agc-template-market-harmonyos-demos/KidsTemplate/ChildrenEducation/scenes/tabs/minepage/src/test/TimeCtrl.test.ets,instrument-test,TimeCtrlRenderTest,hvigorw --no-daemon onDeviceTest -p module=minepage@ohosTest -p coverage=true -p scope=TimeCtrlRenderTest,passed,10,10,100.00,0,0,N/A,6,6,100.00,initialRender;anonymous_3;anonymous_5;anonymous_16;anonymous_17;anonymous_20,rerun passed: 3/3 tests,code-clone_coverage.csv
15,1,similar,@extrulesproject/code-clone-fragment-check,agc-template-market-harmonyos-demos/KidsTemplate/ChildrenEducation/scenes/tabs/minepage/src/main/ets/views/settings/TimeCtrl.ets,agc-template-market-harmonyos-demos,b26d8054dada0583cca89ab1f2d5f8f967088d43,114,124,yes,agc-template-market-harmonyos-demos/KidsTemplate/ChildrenEducation/scenes/tabs/minepage/src/ohosTest/ets/test/TimeCtrlRender.test.ets;agc-template-market-harmonyos-demos/KidsTemplate/ChildrenEducation/scenes/tabs/minepage/src/test/TimeCtrl.test.ets,instrument-test,TimeCtrlRenderTest,hvigorw --no-daemon onDeviceTest -p module=minepage@ohosTest -p coverage=true -p scope=TimeCtrlRenderTest,passed,10,10,100.00,0,0,N/A,6,6,100.00,initialRender;anonymous_3;anonymous_5;anonymous_21;anonymous_22;anonymous_25,rerun passed: 3/3 tests,code-clone_coverage.csv
16,2,original,@extrulesproject/code-clone-fragment-check,agc-template-market-harmonyos-demos/KidsTemplate/ChildrenEducation/scenes/tabs/minepage/src/main/ets/views/settings/TimeCtrl.ets,agc-template-market-harmonyos-demos,b26d8054dada0583cca89ab1f2d5f8f967088d43,165,179,yes,agc-template-market-harmonyos-demos/KidsTemplate/ChildrenEducation/scenes/tabs/minepage/src/ohosTest/ets/test/TimeCtrlRender.test.ets;agc-template-market-harmonyos-demos/KidsTemplate/ChildrenEducation/scenes/tabs/minepage/src/test/TimeCtrl.test.ets,instrument-test,TimeCtrlRenderTest,hvigorw --no-daemon onDeviceTest -p module=minepage@ohosTest -p coverage=true -p scope=TimeCtrlRenderTest,passed,14,14,100.00,0,0,N/A,7,7,100.00,initialRender;anonymous_3;anonymous_5;anonymous_31;anonymous_32;anonymous_33;anonymous_35,rerun passed: 3/3 tests,code-clone_coverage.csv
16,2,similar,@extrulesproject/code-clone-fragment-check,agc-template-market-harmonyos-demos/KidsTemplate/ChildrenEducation/scenes/tabs/minepage/src/main/ets/views/settings/TimeCtrl.ets,agc-template-market-harmonyos-demos,b26d8054dada0583cca89ab1f2d5f8f967088d43,189,203,yes,agc-template-market-harmonyos-demos/KidsTemplate/ChildrenEducation/scenes/tabs/minepage/src/ohosTest/ets/test/TimeCtrlRender.test.ets;agc-template-market-harmonyos-demos/KidsTemplate/ChildrenEducation/scenes/tabs/minepage/src/test/TimeCtrl.test.ets,instrument-test,TimeCtrlRenderTest,hvigorw --no-daemon onDeviceTest -p module=minepage@ohosTest -p coverage=true -p scope=TimeCtrlRenderTest,passed,14,14,100.00,0,0,N/A,7,7,100.00,initialRender;anonymous_3;anonymous_5;anonymous_36;anonymous_37;anonymous_38;anonymous_40,rerun passed: 3/3 tests,code-clone_coverage.csv
17,1,original,@extrulesproject/code-clone-fragment-check,agc-template-market-harmonyos-demos/PhotographyTemplate/ImageProcessing/scenes/picture_beautification/src/main/ets/pages/PictureBeautification.ets,agc-template-market-harmonyos-demos,8d76d0299bf144b7f2530972b68a757879ffdb83,443,475,yes,agc-template-market-harmonyos-demos/PhotographyTemplate/ImageProcessing/scenes/picture_beautification/src/ohosTest/ets/test/List.test.ets;agc-template-market-harmonyos-demos/PhotographyTemplate/ImageProcessing/scenes/picture_beautification/src/ohosTest/ets/test/PictureBeautification.test.ets,instrument-test,PictureBeautificationTest,hvigorw --no-daemon onDeviceTest -p module=picture_beautification@ohosTest -p coverage=true -p scope=PictureBeautificationTest,passed,25,24,96.00,18,17,94.44,1,1,100.00,moveClipCanvasFreeType,PR #24 acceptance: PictureBeautification free-crop branch coverage at least 93.75%,code-clone_coverage.csv
17,1,similar,@extrulesproject/code-clone-fragment-check,agc-template-market-harmonyos-demos/PhotographyTemplate/ImageProcessing/scenes/picture_beautification/src/main/ets/pages/PictureBeautification.ets,agc-template-market-harmonyos-demos,8d76d0299bf144b7f2530972b68a757879ffdb83,557,588,yes,agc-template-market-harmonyos-demos/PhotographyTemplate/ImageProcessing/scenes/picture_beautification/src/ohosTest/ets/test/List.test.ets;agc-template-market-harmonyos-demos/PhotographyTemplate/ImageProcessing/scenes/picture_beautification/src/ohosTest/ets/test/PictureBeautification.test.ets,instrument-test,PictureBeautificationTest,hvigorw --no-daemon onDeviceTest -p module=picture_beautification@ohosTest -p coverage=true -p scope=PictureBeautificationTest,passed,21,20,95.24,14,13,92.86,1,1,100.00,moveClipCanvasRatioType,successful 22-test report covers 13/14 branch sides; only switch default remains unreachable,code-clone_coverage.csv
18,1,original,@extrulesproject/code-clone-fragment-check,agc-template-market-harmonyos-demos/ShoppingTemplate/Express/features/business_home/src/main/ets/components/HomeVisit.ets,agc-template-market-harmonyos-demos,64ebf8ef262d5720ab6d61df4482b3ff00efb555,8,59,yes,agc-template-market-harmonyos-demos/ShoppingTemplate/Express/features/business_home/src/ohosTest/ets/test/List.test.ets;agc-template-market-harmonyos-demos/ShoppingTemplate/Express/features/business_home/src/ohosTest/ets/test/HomeVisit.test.ets;agc-template-market-harmonyos-demos/ShoppingTemplate/Express/features/business_home/src/ohosTest/ets/test/ShippingInfo.test.ets,instrument-test,"HomeVisitTest,ShippingInfoTest","hvigorw --no-daemon onDeviceTest -p module=business_home@ohosTest -p coverage=true -p scope=HomeVisitTest,ShippingInfoTest",passed,9,9,100.00,0,0,N/A,6,6,100.00,anonymous_1;anonymous_2;anonymous_4;anonymous_5;anonymous_7;anonymous_8,rerun passed: 9/9 tests,code-clone_coverage.csv
18,1,similar,@extrulesproject/code-clone-fragment-check,agc-template-market-harmonyos-demos/ShoppingTemplate/Express/features/business_home/src/main/ets/components/ShippingInfo.ets,agc-template-market-harmonyos-demos,64ebf8ef262d5720ab6d61df4482b3ff00efb555,9,61,yes,agc-template-market-harmonyos-demos/ShoppingTemplate/Express/features/business_home/src/ohosTest/ets/test/List.test.ets;agc-template-market-harmonyos-demos/ShoppingTemplate/Express/features/business_home/src/ohosTest/ets/test/HomeVisit.test.ets;agc-template-market-harmonyos-demos/ShoppingTemplate/Express/features/business_home/src/ohosTest/ets/test/ShippingInfo.test.ets,instrument-test,"HomeVisitTest,ShippingInfoTest","hvigorw --no-daemon onDeviceTest -p module=business_home@ohosTest -p coverage=true -p scope=HomeVisitTest,ShippingInfoTest",passed,9,9,100.00,0,0,N/A,7,7,100.00,anonymous_1;anonymous_2;anonymous_4;anonymous_5;anonymous_7;anonymous_8;initialRender,rerun passed: 9/9 tests,code-clone_coverage.csv
19,1,original,@extrulesproject/code-clone-fragment-check,agc-template-market-harmonyos-demos/ShoppingTemplate/Express/features/business_mine/src/main/ets/pages/EditNamePage.ets,agc-template-market-harmonyos-demos,d7183319c204f878f978656cd7cd065cc8a48cbf,18,70,yes,agc-template-market-harmonyos-demos/ShoppingTemplate/Express/features/business_mine/src/ohosTest/ets/test/List.test.ets;agc-template-market-harmonyos-demos/ShoppingTemplate/Express/features/business_mine/src/ohosTest/ets/test/EditNamePage.test.ets;agc-template-market-harmonyos-demos/ShoppingTemplate/Express/features/business_mine/src/ohosTest/ets/test/EditPhonePage.test.ets,instrument-test,"EditNamePageTest,EditPhonePageTest","hvigorw --no-daemon onDeviceTest -p module=business_mine@ohosTest -p coverage=true -p scope=EditNamePageTest,EditPhonePageTest",passed,39,39,100.00,2,2,100.00,11,11,100.00,initialRender;anonymous_3;anonymous_5;anonymous_6;anonymous_7;anonymous_8;anonymous_9;anonymous_10;anonymous_11;anonymous_13;anonymous_14,device rerun passed; missing-user and normal save paths cover both userInfo branches,code-clone_coverage.csv
19,1,similar,@extrulesproject/code-clone-fragment-check,agc-template-market-harmonyos-demos/ShoppingTemplate/Express/features/business_mine/src/main/ets/pages/EditPhonePage.ets,agc-template-market-harmonyos-demos,d7183319c204f878f978656cd7cd065cc8a48cbf,18,70,yes,agc-template-market-harmonyos-demos/ShoppingTemplate/Express/features/business_mine/src/ohosTest/ets/test/List.test.ets;agc-template-market-harmonyos-demos/ShoppingTemplate/Express/features/business_mine/src/ohosTest/ets/test/EditNamePage.test.ets;agc-template-market-harmonyos-demos/ShoppingTemplate/Express/features/business_mine/src/ohosTest/ets/test/EditPhonePage.test.ets,instrument-test,"EditNamePageTest,EditPhonePageTest","hvigorw --no-daemon onDeviceTest -p module=business_mine@ohosTest -p coverage=true -p scope=EditNamePageTest,EditPhonePageTest",passed,39,39,100.00,2,2,100.00,11,11,100.00,initialRender;anonymous_3;anonymous_5;anonymous_6;anonymous_7;anonymous_8;anonymous_9;anonymous_10;anonymous_11;anonymous_13;anonymous_14,device rerun passed; missing-user and normal save paths cover both userInfo branches,code-clone_coverage.csv
20,1,original,@extrulesproject/code-clone-fragment-check,agc-template-market-harmonyos-demos/KidsTemplate/PostpartumCareCenter/scenes/activities/src/main/ets/view/ActivityBooking.ets,agc-template-market-harmonyos-demos,22d686590d1ffc25bea875ac504fc22c1054b45c,70,88,yes,agc-template-market-harmonyos-demos/KidsTemplate/PostpartumCareCenter/scenes/activities/src/ohosTest/ets/test/List.test.ets;agc-template-market-harmonyos-demos/KidsTemplate/PostpartumCareCenter/scenes/activities/src/ohosTest/ets/test/ActivityBooking.test.ets,instrument-test,ActivityBookingUiTest,hvigorw onDeviceTest -p module=activities@ohosTest -p coverage=true -p scope=ActivityBookingUiTest,passed,16,16,100.00,0,0,N/A,4,4,100.00,initialRender;anonymous_5;anonymous_8;anonymous_12,rerun passed: 1/1 tests,code-clone_coverage.csv
20,1,similar,@extrulesproject/code-clone-fragment-check,agc-template-market-harmonyos-demos/KidsTemplate/PostpartumCareCenter/scenes/activities/src/main/ets/view/ActivityBooking.ets,agc-template-market-harmonyos-demos,22d686590d1ffc25bea875ac504fc22c1054b45c,118,136,yes,agc-template-market-harmonyos-demos/KidsTemplate/PostpartumCareCenter/scenes/activities/src/ohosTest/ets/test/List.test.ets;agc-template-market-harmonyos-demos/KidsTemplate/PostpartumCareCenter/scenes/activities/src/ohosTest/ets/test/ActivityBooking.test.ets,instrument-test,ActivityBookingUiTest,hvigorw onDeviceTest -p module=activities@ohosTest -p coverage=true -p scope=ActivityBookingUiTest,passed,15,15,100.00,0,0,N/A,5,5,100.00,initialRender;anonymous_5;anonymous_8;anonymous_15;anonymous_18,rerun passed: 1/1 tests,code-clone_coverage.csv
21,1,original,@extrulesproject/code-clone-fragment-check,agc-template-market-harmonyos-demos/LifestyleAndServiceTemplate/AdministrativeAffairs/Application/commons/components/src/main/ets/components/AboutUs.ets,agc-template-market-harmonyos-demos,77f2cafe2d25ada52b3a60eda00f1152660a76b6,42,57,yes,agc-template-market-harmonyos-demos/LifestyleAndServiceTemplate/AdministrativeAffairs/Application/commons/components/src/ohosTest/ets/test/List.test.ets;agc-template-market-harmonyos-demos/LifestyleAndServiceTemplate/AdministrativeAffairs/Application/commons/components/src/ohosTest/ets/test/AboutUsPage.test.ets,instrument-test,AboutUsPageTest,hvigorw onDeviceTest -p module=components@ohosTest -p coverage=true -p scope=AboutUsPageTest,passed,13,13,100.00,0,0,N/A,9,9,100.00,initialRender;anonymous_3;anonymous_5;anonymous_6;anonymous_11;anonymous_12;anonymous_16;anonymous_19;anonymous_20,rerun passed: 3/3 tests,code-clone_coverage.csv
21,1,similar,@extrulesproject/code-clone-fragment-check,agc-template-market-harmonyos-demos/LifestyleAndServiceTemplate/AdministrativeAffairs/Application/commons/components/src/main/ets/components/AboutUs.ets,agc-template-market-harmonyos-demos,77f2cafe2d25ada52b3a60eda00f1152660a76b6,63,78,yes,agc-template-market-harmonyos-demos/LifestyleAndServiceTemplate/AdministrativeAffairs/Application/commons/components/src/ohosTest/ets/test/List.test.ets;agc-template-market-harmonyos-demos/LifestyleAndServiceTemplate/AdministrativeAffairs/Application/commons/components/src/ohosTest/ets/test/AboutUsPage.test.ets,instrument-test,AboutUsPageTest,hvigorw onDeviceTest -p module=components@ohosTest -p coverage=true -p scope=AboutUsPageTest,passed,13,13,100.00,0,0,N/A,10,10,100.00,initialRender;anonymous_3;anonymous_5;anonymous_6;anonymous_11;anonymous_12;anonymous_24;anonymous_26;anonymous_27;anonymous_28,rerun passed: 3/3 tests,code-clone_coverage.csv
22,1,original,@extrulesproject/code-clone-fragment-check,agc-template-market-harmonyos-demos/LifestyleAndServiceTemplate/ShoppingMall/components/module_points/src/main/ets/components/SubmitPointConfirm.ets,agc-template-market-harmonyos-demos,975b21103b1cfc43542b1596c1aa77954d486db7,15,36,yes,agc-template-market-harmonyos-demos/LifestyleAndServiceTemplate/ShoppingMall/components/module_points/src/ohosTest/ets/test/List.test.ets;agc-template-market-harmonyos-demos/LifestyleAndServiceTemplate/ShoppingMall/components/module_points/src/ohosTest/ets/test/SubmitPointConfirm.test.ets,instrument-test,SubmitPointConfirmTest,hvigorw onDeviceTest -p module=module_points@ohosTest -p coverage=true -p scope=SubmitPointConfirmTest,passed,18,18,100.00,0,0,N/A,9,9,100.00,scanPointConfirmBuilder;anonymous_4;anonymous_5;anonymous_7;anonymous_8;anonymous_9;anonymous_10;anonymous_11;anonymous_12,rerun passed: 3/3 tests,code-clone_coverage.csv
22,1,similar,@extrulesproject/code-clone-fragment-check,agc-template-market-harmonyos-demos/LifestyleAndServiceTemplate/ShoppingMall/components/module_points/src/main/ets/components/SubmitPointConfirm.ets,agc-template-market-harmonyos-demos,975b21103b1cfc43542b1596c1aa77954d486db7,60,81,yes,agc-template-market-harmonyos-demos/LifestyleAndServiceTemplate/ShoppingMall/components/module_points/src/ohosTest/ets/test/List.test.ets;agc-template-market-harmonyos-demos/LifestyleAndServiceTemplate/ShoppingMall/components/module_points/src/ohosTest/ets/test/SubmitPointConfirm.test.ets,instrument-test,SubmitPointConfirmTest,hvigorw onDeviceTest -p module=module_points@ohosTest -p coverage=true -p scope=SubmitPointConfirmTest,passed,19,19,100.00,0,0,N/A,10,10,100.00,photoPointConfirmBuilder;anonymous_13;anonymous_14;anonymous_15;anonymous_16;anonymous_17;anonymous_18;anonymous_19;anonymous_20;anonymous_21,rerun passed: 3/3 tests,code-clone_coverage.csv
23,1,original,@extrulesproject/code-clone-fragment-check,agc-template-market-harmonyos-demos/MovieTVAndLivestreamingTemplate/WebShortDrama/features/mine/src/main/ets/pages/MyFavoritesPage.ets,agc-template-market-harmonyos-demos,22d686590d1ffc25bea875ac504fc22c1054b45c,8,32,yes,agc-template-market-harmonyos-demos/MovieTVAndLivestreamingTemplate/WebShortDrama/features/mine/src/ohosTest/ets/test/List.test.ets;agc-template-market-harmonyos-demos/MovieTVAndLivestreamingTemplate/WebShortDrama/features/mine/src/ohosTest/ets/test/MyFavoritesPage.test.ets;agc-template-market-harmonyos-demos/MovieTVAndLivestreamingTemplate/WebShortDrama/features/mine/src/ohosTest/ets/test/WatchRecordsPage.test.ets,instrument-test,"MyFavoritesPageUiTest,WatchRecordsPageUiTest","hvigorw onDeviceTest -p module=mine@ohosTest -p coverage=true -p scope=MyFavoritesPageUiTest,WatchRecordsPageUiTest",passed,16,15,93.75,0,0,N/A,13,12,92.31,resetStateVarsOnReuse;aboutToAppear;anonymous_1;initialRender;anonymous_2;anonymous_3;anonymous_4;anonymous_5;anonymous_6;anonymous_7;anonymous_8;anonymous_11;anonymous_12,rerun passed: 2/2 tests,code-clone_coverage.csv
23,1,similar,@extrulesproject/code-clone-fragment-check,agc-template-market-harmonyos-demos/MovieTVAndLivestreamingTemplate/WebShortDrama/features/mine/src/main/ets/pages/WatchRecordsPage.ets,agc-template-market-harmonyos-demos,22d686590d1ffc25bea875ac504fc22c1054b45c,8,32,yes,agc-template-market-harmonyos-demos/MovieTVAndLivestreamingTemplate/WebShortDrama/features/mine/src/ohosTest/ets/test/List.test.ets;agc-template-market-harmonyos-demos/MovieTVAndLivestreamingTemplate/WebShortDrama/features/mine/src/ohosTest/ets/test/MyFavoritesPage.test.ets;agc-template-market-harmonyos-demos/MovieTVAndLivestreamingTemplate/WebShortDrama/features/mine/src/ohosTest/ets/test/WatchRecordsPage.test.ets,instrument-test,"MyFavoritesPageUiTest,WatchRecordsPageUiTest","hvigorw onDeviceTest -p module=mine@ohosTest -p coverage=true -p scope=MyFavoritesPageUiTest,WatchRecordsPageUiTest",passed,16,15,93.75,0,0,N/A,13,12,92.31,resetStateVarsOnReuse;aboutToAppear;anonymous_1;initialRender;anonymous_2;anonymous_3;anonymous_4;anonymous_5;anonymous_6;anonymous_7;anonymous_8;anonymous_10;anonymous_11,rerun passed: 2/2 tests,code-clone_coverage.csv
24,1,original,@extrulesproject/code-clone-fragment-check,agc-template-market-harmonyos-demos/NavigationTemplate/AirTrip/Application/features/home/src/main/ets/pages/HomePage.ets,agc-template-market-harmonyos-demos,d7183319c204f878f978656cd7cd065cc8a48cbf,194,209,yes,agc-template-market-harmonyos-demos/NavigationTemplate/AirTrip/Application/features/home/src/ohosTest/ets/test/List.test.ets;agc-template-market-harmonyos-demos/NavigationTemplate/AirTrip/Application/features/home/src/ohosTest/ets/test/HomePageFlightBooking.test.ets,instrument-test,HomePageFlightBookingTest,hvigorw onDeviceTest -p module=home@ohosTest -p coverage=true -p scope=HomePageFlightBookingTest,passed,13,13,100.00,2,2,100.00,6,6,100.00,FlightBookingView;anonymous_11;anonymous_15;anonymous_16;anonymous_17;anonymous_19,rerun passed: destination non-empty branch covered,code-clone_coverage.csv
24,1,similar,@extrulesproject/code-clone-fragment-check,agc-template-market-harmonyos-demos/NavigationTemplate/AirTrip/Application/features/home/src/main/ets/pages/HomePage.ets,agc-template-market-harmonyos-demos,d7183319c204f878f978656cd7cd065cc8a48cbf,238,253,yes,agc-template-market-harmonyos-demos/NavigationTemplate/AirTrip/Application/features/home/src/ohosTest/ets/test/List.test.ets;agc-template-market-harmonyos-demos/NavigationTemplate/AirTrip/Application/features/home/src/ohosTest/ets/test/HomePageFlightBooking.test.ets,instrument-test,HomePageFlightBookingTest,hvigorw onDeviceTest -p module=home@ohosTest -p coverage=true -p scope=HomePageFlightBookingTest,passed,13,13,100.00,2,2,100.00,6,6,100.00,FlightBookingView;anonymous_11;anonymous_15;anonymous_22;anonymous_24;anonymous_25,rerun passed: destination empty and non-empty branches covered,code-clone_coverage.csv
25,1,original,@extrulesproject/code-clone-fragment-check,agc-template-market-harmonyos-demos/PhotographyTemplate/ImageProcessing/scenes/picture_beautification/src/main/ets/components/StickerToolBar.ets,agc-template-market-harmonyos-demos,22d686590d1ffc25bea875ac504fc22c1054b45c,78,131,yes,agc-template-market-harmonyos-demos/PhotographyTemplate/ImageProcessing/scenes/picture_beautification/src/ohosTest/ets/test/List.test.ets;agc-template-market-harmonyos-demos/PhotographyTemplate/ImageProcessing/scenes/picture_beautification/src/ohosTest/ets/test/StickerToolBar.test.ets,instrument-test,StickerToolBarInstrumentTest,hvigorw onDeviceTest -p module=picture_beautification@ohosTest -p coverage=true -p scope=StickerToolBarInstrumentTest,passed,43,43,100.00,8,8,100.00,12,12,100.00,initialRender;anonymous_3;anonymous_23;anonymous_24;anonymous_25;anonymous_26;anonymous_29;anonymous_30;anonymous_31;anonymous_32;anonymous_33;anonymous_34,rerun passed: 8/8 tests,code-clone_coverage.csv
25,1,similar,@extrulesproject/code-clone-fragment-check,agc-template-market-harmonyos-demos/PhotographyTemplate/ImageProcessing/scenes/picture_beautification/src/main/ets/components/StickerToolBar.ets,agc-template-market-harmonyos-demos,22d686590d1ffc25bea875ac504fc22c1054b45c,141,194,yes,agc-template-market-harmonyos-demos/PhotographyTemplate/ImageProcessing/scenes/picture_beautification/src/ohosTest/ets/test/List.test.ets;agc-template-market-harmonyos-demos/PhotographyTemplate/ImageProcessing/scenes/picture_beautification/src/ohosTest/ets/test/StickerToolBar.test.ets,instrument-test,StickerToolBarInstrumentTest,hvigorw onDeviceTest -p module=picture_beautification@ohosTest -p coverage=true -p scope=StickerToolBarInstrumentTest,passed,41,41,100.00,8,8,100.00,10,10,100.00,stickerContentBuilder;anonymous_35;anonymous_36;anonymous_37;anonymous_40;anonymous_41;anonymous_42;anonymous_43;anonymous_44;anonymous_45,rerun passed: 8/8 tests,code-clone_coverage.csv
26,1,original,@extrulesproject/code-clone-fragment-check,agc-template-market-harmonyos-demos/FinanceTemplate/FinancialManagement/commons/network/src/main/ets/mocks/mockData/TransactionDatasetMock.ets,agc-template-market-harmonyos-demos,37fedd6f29f14a6dc6ec41252556d309ffcbd8db,49,61,yes,agc-template-market-harmonyos-demos/FinanceTemplate/FinancialManagement/commons/network/src/ohosTest/ets/test/List.test.ets;agc-template-market-harmonyos-demos/FinanceTemplate/FinancialManagement/commons/network/src/ohosTest/ets/test/TransactionDatasetMock.test.ets,instrument-test,TransactionDatasetMockTest,hvigorw --no-daemon onDeviceTest -p module=network@ohosTest -p coverage=true -p scope=TransactionDatasetMockTest,passed,11,11,100.00,4,4,100.00,3,3,100.00,TransactionDatasetMock.getMonthTransactionList;anonymous_1;anonymous_2,rerun passed: 4/4 instrument tests; all target metrics exceed 90%,code-clone_coverage.csv
26,1,similar,@extrulesproject/code-clone-fragment-check,agc-template-market-harmonyos-demos/FinanceTemplate/FinancialManagement/commons/network/src/main/ets/mocks/mockData/TransactionDatasetMock.ets,agc-template-market-harmonyos-demos,37fedd6f29f14a6dc6ec41252556d309ffcbd8db,82,94,yes,agc-template-market-harmonyos-demos/FinanceTemplate/FinancialManagement/commons/network/src/ohosTest/ets/test/List.test.ets;agc-template-market-harmonyos-demos/FinanceTemplate/FinancialManagement/commons/network/src/ohosTest/ets/test/TransactionDatasetMock.test.ets,instrument-test,TransactionDatasetMockTest,hvigorw --no-daemon onDeviceTest -p module=network@ohosTest -p coverage=true -p scope=TransactionDatasetMockTest,passed,11,11,100.00,4,4,100.00,3,3,100.00,TransactionDatasetMock.getMonthTransactionList;anonymous_3;anonymous_4,rerun passed: 4/4 instrument tests; all target metrics exceed 90%,code-clone_coverage.csv
27,1,original,@extrulesproject/code-clone-fragment-check,agc-template-market-harmonyos-demos/PhotographyTemplate/ImageProcessing/scenes/picture_beautification/src/main/ets/pages/PictureBeautification.ets,agc-template-market-harmonyos-demos,8d76d0299bf144b7f2530972b68a757879ffdb83,476,487,yes,agc-template-market-harmonyos-demos/PhotographyTemplate/ImageProcessing/scenes/picture_beautification/src/ohosTest/ets/test/List.test.ets;agc-template-market-harmonyos-demos/PhotographyTemplate/ImageProcessing/scenes/picture_beautification/src/ohosTest/ets/test/PictureBeautification.test.ets;agc-template-market-harmonyos-demos/PhotographyTemplate/ImageProcessing/scenes/picture_beautification/src/ohosTest/ets/testability/pages/Index.ets,instrument-test,PictureBeautificationTest,hvigorw --no-daemon onDeviceTest -p module=picture_beautification@ohosTest -p coverage=true -p scope=PictureBeautificationTest,passed,7,7,100.00,4,4,100.00,1,1,100.00,moveClipCanvasFreeType,rerun passed: 22/22 instrument tests; all target metrics exceed 90%,code-clone_coverage.csv
27,1,similar,@extrulesproject/code-clone-fragment-check,agc-template-market-harmonyos-demos/PhotographyTemplate/ImageProcessing/scenes/picture_beautification/src/main/ets/pages/PictureBeautification.ets,agc-template-market-harmonyos-demos,8d76d0299bf144b7f2530972b68a757879ffdb83,590,600,yes,agc-template-market-harmonyos-demos/PhotographyTemplate/ImageProcessing/scenes/picture_beautification/src/ohosTest/ets/test/List.test.ets;agc-template-market-harmonyos-demos/PhotographyTemplate/ImageProcessing/scenes/picture_beautification/src/ohosTest/ets/test/PictureBeautification.test.ets;agc-template-market-harmonyos-demos/PhotographyTemplate/ImageProcessing/scenes/picture_beautification/src/ohosTest/ets/testability/pages/Index.ets,instrument-test,PictureBeautificationTest,hvigorw --no-daemon onDeviceTest -p module=picture_beautification@ohosTest -p coverage=true -p scope=PictureBeautificationTest,passed,7,7,100.00,4,4,100.00,1,1,100.00,moveClipCanvasRatioType,rerun passed: 22/22 instrument tests; all target metrics exceed 90%,code-clone_coverage.csv
1,1,original,Data Clumps,agc-template-market-harmonyos-demos/ToolsTemplate/SmartHome/features/device_service/src/main/ets/view/AgreementView.ets,agc-template-market-harmonyos-demos,b9445e27d154b3d9a800d9460f2773a56fd21bef,15,52,yes,agc-template-market-harmonyos-demos/ToolsTemplate/SmartHome/features/device_service/src/ohosTest/ets/test/List.test.ets;agc-template-market-harmonyos-demos/ToolsTemplate/SmartHome/features/device_service/src/ohosTest/ets/test/Ability.test.ets;agc-template-market-harmonyos-demos/ToolsTemplate/SmartHome/features/device_service/src/ohosTest/ets/test/QuickLoginPage.test.ets;agc-template-market-harmonyos-demos/ToolsTemplate/SmartHome/features/device_service/src/ohosTest/ets/test/AgreementView.test.ets,instrument-test,device_serviceAllSuites,hvigorw --no-daemon onDeviceTest -p module=device_service@ohosTest -p coverage=true -p scope=device_serviceAllSuites,passed,34,31,91.18,4,4,100.00,10,9,90.00,bulidSpan;anonymous_7;anonymous_8;anonymous_9;anonymous_10;anonymous_11;anonymous_12;anonymous_13;anonymous_14;anonymous_15,rerun passed: 1/3 tests,data-clumps_coverage.csv
2,1,original,Data Clumps,openharmony_tpc_samples/ohos_rive/library/src/main/ets/runtime/RiveAnimationView.ets,openharmony_tpc_samples,06bc129a97c627fb2d175ad0479e840fb47152c5,820,861,yes,openharmony_tpc_samples/ohos_rive/library/src/ohosTest/ets/test/List.test.ets;openharmony_tpc_samples/ohos_rive/library/src/ohosTest/ets/test/RendererAttributes.test.ets;openharmony_tpc_samples/ohos_rive/library/src/ohosTest/ets/test/RiveAnimationView.test.ets;openharmony_tpc_samples/ohos_rive/library/src/ohosTest/ets/testability/pages/Index.ets,instrument-test,RendererAttributesTest;RiveAnimationViewTest,"hvigorw --no-daemon onDeviceTest -p product=default -p coverage=true -p module=rive_ohos@ohosTest -p scope=RendererAttributesTest,RiveAnimationViewTest",passed,34,34,100.00,10,5,50.00,2,2,100.00,setRiveResource;anonymous_30,rerun passed: 218/219 tests,data-clumps_coverage.csv
3,1,original,Data Clumps,agc-template-market-harmonyos-demos/ToolsTemplate/SmartHome/features/device_service/src/main/ets/pages/QuickLoginPage.ets,agc-template-market-harmonyos-demos,b9445e27d154b3d9a800d9460f2773a56fd21bef,197,236,yes,agc-template-market-harmonyos-demos/ToolsTemplate/SmartHome/features/device_service/src/ohosTest/ets/test/List.test.ets;agc-template-market-harmonyos-demos/ToolsTemplate/SmartHome/features/device_service/src/ohosTest/ets/test/Ability.test.ets;agc-template-market-harmonyos-demos/ToolsTemplate/SmartHome/features/device_service/src/ohosTest/ets/test/QuickLoginPage.test.ets;agc-template-market-harmonyos-demos/ToolsTemplate/SmartHome/features/device_service/src/ohosTest/ets/test/AgreementView.test.ets,instrument-test,device_serviceAllSuites,hvigorw --no-daemon onDeviceTest -p module=device_service@ohosTest -p coverage=true -p scope=device_serviceAllSuites,passed,34,0,0.00,8,0,0.00,10,0,0.00,bulidSpan;anonymous_11;anonymous_12;anonymous_13;anonymous_14;anonymous_15;anonymous_16;anonymous_17;anonymous_18;anonymous_19,rerun passed: 1/3 tests; existing test artifacts do not cover this target range,data-clumps_coverage.csv
4,1,original,Data Clumps,openharmony_tpc_samples/ohos_rive/library/src/main/ets/runtime/RiveAnimationView.ets,openharmony_tpc_samples,06bc129a97c627fb2d175ad0479e840fb47152c5,863,903,yes,openharmony_tpc_samples/ohos_rive/library/src/ohosTest/ets/test/List.test.ets;openharmony_tpc_samples/ohos_rive/library/src/ohosTest/ets/test/RendererAttributes.test.ets;openharmony_tpc_samples/ohos_rive/library/src/ohosTest/ets/test/RiveAnimationView.test.ets;openharmony_tpc_samples/ohos_rive/library/src/ohosTest/ets/testability/pages/Index.ets,instrument-test,RendererAttributesTest;RiveAnimationViewTest,"hvigorw --no-daemon onDeviceTest -p product=default -p coverage=true -p module=rive_ohos@ohosTest -p scope=RendererAttributesTest,RiveAnimationViewTest",passed,34,34,100.00,10,5,50.00,2,2,100.00,setRiveBytes;anonymous_31,rerun passed: 218/219 tests,data-clumps_coverage.csv
5,1,original,Data Clumps,openharmony_tpc_samples/ohos_rive/library/src/main/ets/runtime/RiveAnimationView.ets,openharmony_tpc_samples,06bc129a97c627fb2d175ad0479e840fb47152c5,905,951,yes,openharmony_tpc_samples/ohos_rive/library/src/ohosTest/ets/test/List.test.ets;openharmony_tpc_samples/ohos_rive/library/src/ohosTest/ets/test/RendererAttributes.test.ets;openharmony_tpc_samples/ohos_rive/library/src/ohosTest/ets/test/RiveAnimationView.test.ets;openharmony_tpc_samples/ohos_rive/library/src/ohosTest/ets/testability/pages/Index.ets,instrument-test,RendererAttributesTest;RiveAnimationViewTest,"hvigorw --no-daemon onDeviceTest -p product=default -p coverage=true -p module=rive_ohos@ohosTest -p scope=RendererAttributesTest,RiveAnimationViewTest",passed,37,37,100.00,12,7,58.33,1,1,100.00,setRiveFile,rerun passed: 218/219 tests,data-clumps_coverage.csv
6,1,original,Data Clumps,openharmony_tpc_samples/ohos_rive/library/src/main/ets/runtime/renderers/RendererAttributes.ets,openharmony_tpc_samples,06bc129a97c627fb2d175ad0479e840fb47152c5,157,187,yes,openharmony_tpc_samples/ohos_rive/library/src/ohosTest/ets/test/List.test.ets;openharmony_tpc_samples/ohos_rive/library/src/ohosTest/ets/test/RendererAttributes.test.ets;openharmony_tpc_samples/ohos_rive/library/src/ohosTest/ets/test/RiveAnimationView.test.ets;openharmony_tpc_samples/ohos_rive/library/src/ohosTest/ets/testability/pages/Index.ets,instrument-test,RendererAttributesTest;RiveAnimationViewTest,"hvigorw --no-daemon onDeviceTest -p product=default -p coverage=true -p module=rive_ohos@ohosTest -p scope=RendererAttributesTest,RiveAnimationViewTest",passed,29,29,100.00,0,0,N/A,1,1,100.00,RendererAttributes.constructor,rerun passed: 218/219 tests,data-clumps_coverage.csv
1,1,original,@extrulesproject/feature-envy-check,agc-template-market-harmonyos-demos/BusinessTemplate/EnterpriseRecruitment/product/phone/src/main/ets/pages/mine/AvatarUpload.ets,agc-template-market-harmonyos-demos,262956742f1daf990b21d316e397d55cb7f15496,289,337,yes,agc-template-market-harmonyos-demos/BusinessTemplate/EnterpriseRecruitment/product/phone/src/ohosTest/ets/test/List.test.ets;agc-template-market-harmonyos-demos/BusinessTemplate/EnterpriseRecruitment/product/phone/src/ohosTest/ets/test/Ability.test.ets;agc-template-market-harmonyos-demos/BusinessTemplate/EnterpriseRecruitment/product/phone/src/ohosTest/ets/test/AvatarUpload.test.ets,instrument-test,phoneAllSuites,hvigorw --no-daemon onDeviceTest -p module=phone@ohosTest -p coverage=true -p scope=phoneAllSuites,passed,33,33,100,10,10,100,1,1,100,checkImageAdapt,rerun passed: 8/8 tests,feature-envy_coverage.csv
2,1,original,@extrulesproject/feature-envy-check,agc-template-market-harmonyos-demos/PhotographyTemplate/ImageProcessing/scenes/picture_beautification/src/main/ets/pages/PictureBeautification.ets,agc-template-market-harmonyos-demos,8d76d0299bf144b7f2530972b68a757879ffdb83,311,365,yes,agc-template-market-harmonyos-demos/PhotographyTemplate/ImageProcessing/scenes/picture_beautification/src/ohosTest/ets/test/List.test.ets;agc-template-market-harmonyos-demos/PhotographyTemplate/ImageProcessing/scenes/picture_beautification/src/ohosTest/ets/test/PictureBeautification.test.ets,instrument-test,PictureBeautificationTest,hvigorw --no-daemon onDeviceTest -p module=picture_beautification@ohosTest -p coverage=true -p scope=PictureBeautificationTest,passed,42,42,100.00,4,4,100.00,1,1,100.00,drawClipImage,rerun passed: 22/22 instrument tests on 2026-07-28,feature-envy_coverage.csv
3,1,original,@extrulesproject/feature-envy-check,agc-template-market-harmonyos-demos/SocialTemplate/SocialDating/features/user/src/main/ets/pages/UserDetail.ets,agc-template-market-harmonyos-demos,b9445e27d154b3d9a800d9460f2773a56fd21bef,76,100,yes,agc-template-market-harmonyos-demos/SocialTemplate/SocialDating/features/user/src/ohosTest/ets/test/List.test.ets;agc-template-market-harmonyos-demos/SocialTemplate/SocialDating/features/user/src/ohosTest/ets/test/UserDetail.test.ets,instrument-test,UserDetailTest,hvigorw --no-daemon onDeviceTest -p module=user@ohosTest -p coverage=true -p scope=UserDetailTest,passed,24,24,100.00,22,22,100.00,1,1,100.00,initialiseEnumField,device rerun passed,feature-envy_coverage.csv
4,2,original,@extrulesproject/feature-envy-check,agc-template-market-harmonyos-demos/SocialTemplate/SocialDating/features/user/src/main/ets/pages/UserDetail.ets,agc-template-market-harmonyos-demos,b9445e27d154b3d9a800d9460f2773a56fd21bef,102,136,yes,agc-template-market-harmonyos-demos/SocialTemplate/SocialDating/features/user/src/ohosTest/ets/test/List.test.ets;agc-template-market-harmonyos-demos/SocialTemplate/SocialDating/features/user/src/ohosTest/ets/test/UserDetail.test.ets,instrument-test,UserDetailTest,hvigorw --no-daemon onDeviceTest -p module=user@ohosTest -p coverage=true -p scope=UserDetailTest,passed,23,23,100.00,22,22,100.00,1,1,100.00,initialiseUserInfoTextField,device rerun passed,feature-envy_coverage.csv
5,1,original,@extrulesproject/feature-envy-check,agc-template-market-harmonyos-demos/TravelTemplate/FullServiceHotel/features/service/hotel/src/main/ets/pages/HotelOrderPage.ets,agc-template-market-harmonyos-demos,b9445e27d154b3d9a800d9460f2773a56fd21bef,220,234,yes,agc-template-market-harmonyos-demos/TravelTemplate/FullServiceHotel/features/service/hotel/src/ohosTest/ets/test/List.test.ets;agc-template-market-harmonyos-demos/TravelTemplate/FullServiceHotel/features/service/hotel/src/ohosTest/ets/test/HotelOrderPage.test.ets,instrument-test,HotelOrderPageTest,hvigorw --no-daemon onDeviceTest -p module=hotel@ohosTest -p coverage=true -p scope=HotelOrderPageTest,passed,13,13,100.00,0,0,N/A,1,1,100.00,__TextInput__formInputStyle,device rerun passed,feature-envy_coverage.csv
6,1,original,@extrulesproject/feature-envy-check,agc-template-market-harmonyos-demos/EntertainmentTemplate/MuseumTicket/features/mine/src/main/ets/pages/AddVisitorPage.ets,agc-template-market-harmonyos-demos,8d76d0299bf144b7f2530972b68a757879ffdb83,24,32,yes,agc-template-market-harmonyos-demos/EntertainmentTemplate/MuseumTicket/features/mine/src/ohosTest/ets/test/List.test.ets;agc-template-market-harmonyos-demos/EntertainmentTemplate/MuseumTicket/features/mine/src/ohosTest/ets/test/AddVisitorPage.test.ets,instrument-test,AddVisitorPageTest,hvigorw --no-daemon onDeviceTest -p module=mine@ohosTest -p coverage=true -p scope=AddVisitorPageTest,passed,7,7,100.00,2,2,100.00,1,1,100.00,cloneContact,device rerun passed,feature-envy_coverage.csv
7,1,original,@extrulesproject/feature-envy-check,agc-template-market-harmonyos-demos/EntertainmentTemplate/MuseumTicket/features/mine/src/main/ets/pages/EditVisitorPage.ets,agc-template-market-harmonyos-demos,8d76d0299bf144b7f2530972b68a757879ffdb83,23,31,yes,agc-template-market-harmonyos-demos/EntertainmentTemplate/MuseumTicket/features/mine/src/ohosTest/ets/test/List.test.ets;agc-template-market-harmonyos-demos/EntertainmentTemplate/MuseumTicket/features/mine/src/ohosTest/ets/test/EditVisitorPage.test.ets,instrument-test,EditVisitorPageTest,hvigorw --no-daemon onDeviceTest -p module=mine@ohosTest -p coverage=true -p scope=EditVisitorPageTest,passed,7,7,100.00,2,2,100.00,1,1,100.00,cloneContact,device rerun passed,feature-envy_coverage.csv
8,1,original,@extrulesproject/feature-envy-check,agc-template-market-harmonyos-demos/SocialTemplate/SocialDating/features/feed/src/main/ets/pages/FeedListPage.ets,agc-template-market-harmonyos-demos,b9445e27d154b3d9a800d9460f2773a56fd21bef,388,404,yes,agc-template-market-harmonyos-demos/SocialTemplate/SocialDating/features/feed/src/ohosTest/ets/test/List.test.ets;agc-template-market-harmonyos-demos/SocialTemplate/SocialDating/features/feed/src/ohosTest/ets/test/FeedListPage.test.ets,instrument-test,FeedListPageTest,hvigorw --no-daemon onDeviceTest -p module=feed@ohosTest -p coverage=true -p scope=FeedListPageTest,passed,12,12,100.00,6,6,100.00,1,1,100.00,setClickLike,device rerun passed,feature-envy_coverage.csv
1,1,original,@extrulesproject/long-method-check,agc-template-market-harmonyos-demos/BooksAndReferenceTemplate/BookRead/components/reader_tool_bar/src/main/ets/components/ReaderToolBar.ets,agc-template-market-harmonyos-demos,b9445e27d154b3d9a800d9460f2773a56fd21bef,199,346,yes,agc-template-market-harmonyos-demos/BooksAndReferenceTemplate/BookRead/components/reader_tool_bar/src/ohosTest/ets/test/ReaderToolBar.test.ets;agc-template-market-harmonyos-demos/BooksAndReferenceTemplate/BookRead/components/reader_tool_bar/src/ohosTest/ets/test/List.test.ets;agc-template-market-harmonyos-demos/BooksAndReferenceTemplate/BookRead/components/reader_tool_bar/src/ohosTest/ets/test/Ability.test.ets,instrument-test,ReaderToolBarTest,hvigorw --no-daemon onDeviceTest -p module=reader_tool_bar@ohosTest -p coverage=true -p scope=ReaderToolBarTest,passed,109,106,97.25,12,11,91.67,29,28,96.55,buildSettingSheet;anonymous_15;anonymous_16;anonymous_17;anonymous_18;anonymous_19;anonymous_20;anonymous_21;anonymous_22;anonymous_23;anonymous_24;anonymous_25;anonymous_26;anonymous_27;anonymous_28;anonymous_29;anonymous_30;anonymous_31;anonymous_32;anonymous_33;anonymous_34;anonymous_35;anonymous_36;anonymous_37;anonymous_38;anonymous_39;anonymous_40;anonymous_41;anonymous_42,rerun passed: 1/1 tests,long-method_coverage.csv
2,1,original,@extrulesproject/long-method-check,agc-template-market-harmonyos-demos/BooksAndReferenceTemplate/BookRead/feature/book_home/src/main/ets/views/SearchPage.ets,agc-template-market-harmonyos-demos,b9445e27d154b3d9a800d9460f2773a56fd21bef,90,219,yes,agc-template-market-harmonyos-demos/BooksAndReferenceTemplate/BookRead/feature/book_home/src/ohosTest/ets/test/SearchPage.test.ets;agc-template-market-harmonyos-demos/BooksAndReferenceTemplate/BookRead/feature/book_home/src/ohosTest/ets/test/List.test.ets;agc-template-market-harmonyos-demos/BooksAndReferenceTemplate/BookRead/feature/book_home/src/ohosTest/ets/test/Ability.test.ets,instrument-test,SearchPageTest,hvigorw --no-daemon onDeviceTest -p module=book_home@ohosTest -p coverage=true -p scope=SearchPageTest,passed,101,92,91.09,10,10,100.00,49,46,93.88,initialRender;anonymous_1;anonymous_2;anonymous_3;anonymous_4;anonymous_5;anonymous_6;anonymous_7;anonymous_8;anonymous_9;anonymous_10;anonymous_11;anonymous_12;anonymous_13;anonymous_14;anonymous_15;anonymous_16;anonymous_17;anonymous_18;anonymous_19;anonymous_20;anonymous_21;anonymous_22;anonymous_23;anonymous_24;anonymous_25;anonymous_26;anonymous_27;anonymous_29;anonymous_30;anonymous_32;anonymous_33;anonymous_34;anonymous_35;anonymous_36;anonymous_37;anonymous_39;anonymous_40;anonymous_41;anonymous_42;anonymous_43;anonymous_44;anonymous_45;anonymous_46;anonymous_47;anonymous_48;anonymous_49;anonymous_50;anonymous_51,rerun passed: 2/2 tests,long-method_coverage.csv
3,1,original,@extrulesproject/long-method-check,agc-template-market-harmonyos-demos/BooksAndReferenceTemplate/BookRead/feature/book_person/src/main/ets/comp/MyInfoCard.ets,agc-template-market-harmonyos-demos,b9445e27d154b3d9a800d9460f2773a56fd21bef,145,265,yes,agc-template-market-harmonyos-demos/BooksAndReferenceTemplate/BookRead/feature/book_person/src/ohosTest/ets/test/MemberCenterPage.test.ets;agc-template-market-harmonyos-demos/BooksAndReferenceTemplate/BookRead/feature/book_person/src/ohosTest/ets/test/FeedbackPage.test.ets;agc-template-market-harmonyos-demos/BooksAndReferenceTemplate/BookRead/feature/book_person/src/ohosTest/ets/test/List.test.ets;agc-template-market-harmonyos-demos/BooksAndReferenceTemplate/BookRead/feature/book_person/src/ohosTest/ets/test/LoginPage.test.ets;agc-template-market-harmonyos-demos/BooksAndReferenceTemplate/BookRead/feature/book_person/src/ohosTest/ets/test/Ability.test.ets;agc-template-market-harmonyos-demos/BooksAndReferenceTemplate/BookRead/feature/book_person/src/ohosTest/ets/test/RechargePage.test.ets;agc-template-market-harmonyos-demos/BooksAndReferenceTemplate/BookRead/feature/book_person/src/ohosTest/ets/test/AboutPage.test.ets;agc-template-market-harmonyos-demos/BooksAndReferenceTemplate/BookRead/feature/book_person/src/ohosTest/ets/test/MemberAgreementPage.test.ets;agc-template-market-harmonyos-demos/BooksAndReferenceTemplate/BookRead/feature/book_person/src/ohosTest/ets/test/MyInfoCard.test.ets,instrument-test,book_personAllSuites,hvigorw --no-daemon onDeviceTest -p module=book_person@ohosTest -p coverage=true -p scope=book_personAllSuites,passed,100,98,98.00,6,6,100.00,28,27,96.43,initialRender;anonymous_11;anonymous_12;anonymous_13;anonymous_14;anonymous_15;anonymous_17;anonymous_18;anonymous_19;anonymous_20;anonymous_21;anonymous_22;anonymous_23;anonymous_24;anonymous_25;anonymous_26;anonymous_27;anonymous_28;anonymous_29;anonymous_30;anonymous_31;anonymous_32;anonymous_33;anonymous_34;anonymous_35;anonymous_36;anonymous_37;anonymous_38,rerun passed: 10/10 tests,long-method_coverage.csv
4,1,original,@extrulesproject/long-method-check,agc-template-market-harmonyos-demos/BooksAndReferenceTemplate/BookRead/feature/book_person/src/main/ets/views/AboutPage.ets,agc-template-market-harmonyos-demos,b9445e27d154b3d9a800d9460f2773a56fd21bef,68,194,yes,agc-template-market-harmonyos-demos/BooksAndReferenceTemplate/BookRead/feature/book_person/src/ohosTest/ets/test/MemberCenterPage.test.ets;agc-template-market-harmonyos-demos/BooksAndReferenceTemplate/BookRead/feature/book_person/src/ohosTest/ets/test/FeedbackPage.test.ets;agc-template-market-harmonyos-demos/BooksAndReferenceTemplate/BookRead/feature/book_person/src/ohosTest/ets/test/List.test.ets;agc-template-market-harmonyos-demos/BooksAndReferenceTemplate/BookRead/feature/book_person/src/ohosTest/ets/test/LoginPage.test.ets;agc-template-market-harmonyos-demos/BooksAndReferenceTemplate/BookRead/feature/book_person/src/ohosTest/ets/test/Ability.test.ets;agc-template-market-harmonyos-demos/BooksAndReferenceTemplate/BookRead/feature/book_person/src/ohosTest/ets/test/RechargePage.test.ets;agc-template-market-harmonyos-demos/BooksAndReferenceTemplate/BookRead/feature/book_person/src/ohosTest/ets/test/AboutPage.test.ets;agc-template-market-harmonyos-demos/BooksAndReferenceTemplate/BookRead/feature/book_person/src/ohosTest/ets/test/MemberAgreementPage.test.ets;agc-template-market-harmonyos-demos/BooksAndReferenceTemplate/BookRead/feature/book_person/src/ohosTest/ets/test/MyInfoCard.test.ets,instrument-test,book_personAllSuites,hvigorw --no-daemon onDeviceTest -p module=book_person@ohosTest -p coverage=true -p scope=book_personAllSuites,passed,103,103,100.00,0,0,N/A,20,20,100.00,aboutCardView;anonymous_10;anonymous_11;anonymous_12;anonymous_13;anonymous_14;anonymous_15;anonymous_16;anonymous_17;anonymous_18;anonymous_19;anonymous_20;anonymous_21;anonymous_22;anonymous_23;anonymous_24;anonymous_25;anonymous_26;anonymous_27;anonymous_28,rerun passed: 10/10 tests,long-method_coverage.csv
5,1,original,@extrulesproject/long-method-check,agc-template-market-harmonyos-demos/BooksAndReferenceTemplate/BookRead/feature/book_person/src/main/ets/views/FeedbackPage.ets,agc-template-market-harmonyos-demos,b9445e27d154b3d9a800d9460f2773a56fd21bef,26,194,yes,agc-template-market-harmonyos-demos/BooksAndReferenceTemplate/BookRead/feature/book_person/src/ohosTest/ets/test/FeedbackPage.test.ets;agc-template-market-harmonyos-demos/BooksAndReferenceTemplate/BookRead/feature/book_person/src/ohosTest/ets/test/List.test.ets,instrument-test,FeedbackPageTest,hvigorw --no-daemon onDeviceTest -p module=book_person@ohosTest -p coverage=true -p scope=FeedbackPageTest,passed,140,132,94.29,4,4,100.00,39,36,92.31,initialRender;anonymous_3;anonymous_4;anonymous_5;anonymous_6;anonymous_7;anonymous_9;anonymous_10;anonymous_11;anonymous_12;anonymous_13;anonymous_14;anonymous_15;anonymous_16;anonymous_17;anonymous_18;anonymous_19;anonymous_20;anonymous_21;anonymous_22;anonymous_23;anonymous_24;anonymous_25;anonymous_26;anonymous_27;anonymous_28;anonymous_29;anonymous_30;anonymous_31;anonymous_32;anonymous_33;anonymous_34;anonymous_36;anonymous_37;anonymous_38;anonymous_39;anonymous_40;anonymous_41;anonymous_42,rerun passed: 1/1 tests,long-method_coverage.csv
6,1,original,@extrulesproject/long-method-check,agc-template-market-harmonyos-demos/BooksAndReferenceTemplate/BookRead/feature/book_person/src/main/ets/views/LoginPage.ets,agc-template-market-harmonyos-demos,b9445e27d154b3d9a800d9460f2773a56fd21bef,233,415,yes,agc-template-market-harmonyos-demos/BooksAndReferenceTemplate/BookRead/feature/book_person/src/ohosTest/ets/test/MemberCenterPage.test.ets;agc-template-market-harmonyos-demos/BooksAndReferenceTemplate/BookRead/feature/book_person/src/ohosTest/ets/test/FeedbackPage.test.ets;agc-template-market-harmonyos-demos/BooksAndReferenceTemplate/BookRead/feature/book_person/src/ohosTest/ets/test/List.test.ets;agc-template-market-harmonyos-demos/BooksAndReferenceTemplate/BookRead/feature/book_person/src/ohosTest/ets/test/LoginPage.test.ets;agc-template-market-harmonyos-demos/BooksAndReferenceTemplate/BookRead/feature/book_person/src/ohosTest/ets/test/Ability.test.ets;agc-template-market-harmonyos-demos/BooksAndReferenceTemplate/BookRead/feature/book_person/src/ohosTest/ets/test/RechargePage.test.ets;agc-template-market-harmonyos-demos/BooksAndReferenceTemplate/BookRead/feature/book_person/src/ohosTest/ets/test/AboutPage.test.ets;agc-template-market-harmonyos-demos/BooksAndReferenceTemplate/BookRead/feature/book_person/src/ohosTest/ets/test/MemberAgreementPage.test.ets;agc-template-market-harmonyos-demos/BooksAndReferenceTemplate/BookRead/feature/book_person/src/ohosTest/ets/test/MyInfoCard.test.ets,instrument-test,LoginPageTest,hvigorw --no-daemon onDeviceTest -p module=book_person@ohosTest -p coverage=true -p scope=LoginPageTest,passed,138,125,90.58,4,4,100.00,34,31,91.18,initialRender;anonymous_9;anonymous_10;anonymous_11;anonymous_12;anonymous_13;anonymous_14;anonymous_15;anonymous_16;anonymous_17;anonymous_18;anonymous_19;anonymous_20;anonymous_21;anonymous_22;anonymous_23;anonymous_24;anonymous_25;anonymous_26;anonymous_28;anonymous_29;anonymous_30;anonymous_31;anonymous_32;anonymous_33;anonymous_34;anonymous_35;anonymous_36;anonymous_37;anonymous_38;anonymous_39;anonymous_40;anonymous_41;anonymous_43,rerun passed: LoginPageTest,long-method_coverage.csv
7,1,original,@extrulesproject/long-method-check,agc-template-market-harmonyos-demos/BooksAndReferenceTemplate/BookRead/feature/book_person/src/main/ets/views/MemberAgreementPage.ets,agc-template-market-harmonyos-demos,b9445e27d154b3d9a800d9460f2773a56fd21bef,7,152,yes,agc-template-market-harmonyos-demos/BooksAndReferenceTemplate/BookRead/feature/book_person/src/ohosTest/ets/test/MemberCenterPage.test.ets;agc-template-market-harmonyos-demos/BooksAndReferenceTemplate/BookRead/feature/book_person/src/ohosTest/ets/test/FeedbackPage.test.ets;agc-template-market-harmonyos-demos/BooksAndReferenceTemplate/BookRead/feature/book_person/src/ohosTest/ets/test/List.test.ets;agc-template-market-harmonyos-demos/BooksAndReferenceTemplate/BookRead/feature/book_person/src/ohosTest/ets/test/LoginPage.test.ets;agc-template-market-harmonyos-demos/BooksAndReferenceTemplate/BookRead/feature/book_person/src/ohosTest/ets/test/Ability.test.ets;agc-template-market-harmonyos-demos/BooksAndReferenceTemplate/BookRead/feature/book_person/src/ohosTest/ets/test/RechargePage.test.ets;agc-template-market-harmonyos-demos/BooksAndReferenceTemplate/BookRead/feature/book_person/src/ohosTest/ets/test/AboutPage.test.ets;agc-template-market-harmonyos-demos/BooksAndReferenceTemplate/BookRead/feature/book_person/src/ohosTest/ets/test/MemberAgreementPage.test.ets;agc-template-market-harmonyos-demos/BooksAndReferenceTemplate/BookRead/feature/book_person/src/ohosTest/ets/test/MyInfoCard.test.ets,instrument-test,book_personAllSuites,hvigorw --no-daemon onDeviceTest -p module=book_person@ohosTest -p coverage=true -p scope=book_personAllSuites,passed,115,115,100.00,0,0,N/A,30,30,100.00,initialRender;anonymous_1;anonymous_2;anonymous_3;anonymous_4;anonymous_5;anonymous_7;anonymous_8;anonymous_9;anonymous_10;anonymous_11;anonymous_12;anonymous_13;anonymous_14;anonymous_15;anonymous_16;anonymous_17;anonymous_18;anonymous_19;anonymous_20;anonymous_21;anonymous_22;anonymous_23;anonymous_24;anonymous_25;anonymous_26;anonymous_27;anonymous_28;anonymous_29;anonymous_30,rerun passed: 10/10 tests,long-method_coverage.csv
8,1,original,@extrulesproject/long-method-check,agc-template-market-harmonyos-demos/BooksAndReferenceTemplate/BookRead/feature/book_person/src/main/ets/views/MemberCenterPage.ets,agc-template-market-harmonyos-demos,b9445e27d154b3d9a800d9460f2773a56fd21bef,29,244,yes,agc-template-market-harmonyos-demos/BooksAndReferenceTemplate/BookRead/feature/book_person/src/ohosTest/ets/test/MemberCenterPage.test.ets;agc-template-market-harmonyos-demos/BooksAndReferenceTemplate/BookRead/feature/book_person/src/ohosTest/ets/test/List.test.ets;agc-template-market-harmonyos-demos/BooksAndReferenceTemplate/BookRead/feature/book_person/src/ohosTest/ets/test/Ability.test.ets,instrument-test,MemberCenterPageTest,hvigorw --no-daemon onDeviceTest -p module=book_person@ohosTest -p coverage=true -p scope=MemberCenterPageTest,passed,173,171,98.84,14,14,100.00,54,53,98.15,initialRender;anonymous_1;anonymous_2;anonymous_3;anonymous_4;anonymous_5;anonymous_6;anonymous_8;anonymous_9;anonymous_10;anonymous_11;anonymous_12;anonymous_13;anonymous_15;anonymous_16;anonymous_17;anonymous_18;anonymous_19;anonymous_20;anonymous_21;anonymous_22;anonymous_23;anonymous_24;anonymous_25;anonymous_26;anonymous_27;anonymous_28;anonymous_29;anonymous_30;anonymous_31;anonymous_32;anonymous_33;anonymous_34;anonymous_35;anonymous_36;anonymous_37;anonymous_38;anonymous_39;anonymous_40;anonymous_41;anonymous_42;anonymous_43;anonymous_44;anonymous_45;anonymous_46;anonymous_47;anonymous_48;anonymous_49;anonymous_50;anonymous_51;anonymous_52;anonymous_53;anonymous_54;anonymous_55,rerun passed: 1/1 tests,long-method_coverage.csv
9,1,original,@extrulesproject/long-method-check,agc-template-market-harmonyos-demos/BooksAndReferenceTemplate/BookRead/feature/book_person/src/main/ets/views/RechargePage.ets,agc-template-market-harmonyos-demos,b9445e27d154b3d9a800d9460f2773a56fd21bef,37,226,yes,agc-template-market-harmonyos-demos/BooksAndReferenceTemplate/BookRead/feature/book_person/src/ohosTest/ets/test/MemberCenterPage.test.ets;agc-template-market-harmonyos-demos/BooksAndReferenceTemplate/BookRead/feature/book_person/src/ohosTest/ets/test/FeedbackPage.test.ets;agc-template-market-harmonyos-demos/BooksAndReferenceTemplate/BookRead/feature/book_person/src/ohosTest/ets/test/List.test.ets;agc-template-market-harmonyos-demos/BooksAndReferenceTemplate/BookRead/feature/book_person/src/ohosTest/ets/test/LoginPage.test.ets;agc-template-market-harmonyos-demos/BooksAndReferenceTemplate/BookRead/feature/book_person/src/ohosTest/ets/test/Ability.test.ets;agc-template-market-harmonyos-demos/BooksAndReferenceTemplate/BookRead/feature/book_person/src/ohosTest/ets/test/RechargePage.test.ets;agc-template-market-harmonyos-demos/BooksAndReferenceTemplate/BookRead/feature/book_person/src/ohosTest/ets/test/AboutPage.test.ets;agc-template-market-harmonyos-demos/BooksAndReferenceTemplate/BookRead/feature/book_person/src/ohosTest/ets/test/MemberAgreementPage.test.ets;agc-template-market-harmonyos-demos/BooksAndReferenceTemplate/BookRead/feature/book_person/src/ohosTest/ets/test/MyInfoCard.test.ets,instrument-test,RechargePageTest,hvigorw --no-daemon onDeviceTest -p module=book_person@ohosTest -p coverage=true -p scope=RechargePageTest,passed,146,146,100.00,16,16,100.00,46,46,100.00,rechargeContent;anonymous_1;anonymous_2;anonymous_3;anonymous_4;anonymous_5;anonymous_7;anonymous_8;anonymous_9;anonymous_10;anonymous_11;anonymous_12;anonymous_13;anonymous_14;anonymous_17;anonymous_18;anonymous_19;anonymous_20;anonymous_21;anonymous_22;anonymous_23;anonymous_24;anonymous_25;anonymous_27;anonymous_28;anonymous_29;anonymous_30;anonymous_31;anonymous_32;anonymous_33;anonymous_34;anonymous_35;anonymous_36;anonymous_37;anonymous_38;anonymous_39;anonymous_40;anonymous_41;anonymous_42;anonymous_43;anonymous_44;anonymous_45;anonymous_46;anonymous_47;anonymous_48;anonymous_49,rerun passed: RechargePageTest,long-method_coverage.csv
10,1,original,@extrulesproject/long-method-check,agc-template-market-harmonyos-demos/BooksAndReferenceTemplate/BookRead/feature/book_read_kit/src/main/ets/components/BookCoverCard.ets,agc-template-market-harmonyos-demos,b9445e27d154b3d9a800d9460f2773a56fd21bef,42,161,yes,agc-template-market-harmonyos-demos/BooksAndReferenceTemplate/BookRead/feature/book_read_kit/src/ohosTest/ets/test/List.test.ets;agc-template-market-harmonyos-demos/BooksAndReferenceTemplate/BookRead/feature/book_read_kit/src/ohosTest/ets/test/Ability.test.ets;agc-template-market-harmonyos-demos/BooksAndReferenceTemplate/BookRead/feature/book_read_kit/src/ohosTest/ets/test/BookCoverCard.test.ets,instrument-test,BookCoverCardTest,hvigorw --no-daemon onDeviceTest -p module=book_read_kit@ohosTest -p coverage=true -p scope=BookCoverCardTest,passed,90,85,94.44,4,4,100.00,32,32,100.00,initialRender;anonymous_3;anonymous_4;anonymous_6;anonymous_7;anonymous_8;anonymous_9;anonymous_10;anonymous_11;anonymous_12;anonymous_13;anonymous_14;anonymous_15;anonymous_16;anonymous_17;anonymous_18;anonymous_19;anonymous_20;anonymous_21;anonymous_22;anonymous_23;anonymous_24;anonymous_25;anonymous_26;anonymous_27;anonymous_28;anonymous_29;anonymous_30;anonymous_31;anonymous_32;anonymous_33;anonymous_34,rerun passed: 2/2 tests; equivalent else removes unreachable branch,long-method_coverage.csv
11,1,original,@extrulesproject/long-method-check,agc-template-market-harmonyos-demos/ShoppingTemplate/ComprehensiveMall/commons/lib_foundation/src/main/ets/featurecomponents/tabswiper/TabSwiper.ets,agc-template-market-harmonyos-demos,37fedd6f29f14a6dc6ec41252556d309ffcbd8db,230,304,yes,agc-template-market-harmonyos-demos/ShoppingTemplate/ComprehensiveMall/commons/lib_foundation/src/test/List.test.ets;agc-template-market-harmonyos-demos/ShoppingTemplate/ComprehensiveMall/commons/lib_foundation/src/test/TabSwiper.test.ets,local-test,TabSwiperTest,hvigorw --no-daemon test -p module=lib_foundation -p coverage=true -p scope=TabSwiperTest,passed,65,65,100.00,38,37,97.37,2,2,100.00,onTabSwiperAttributeChange;anonymous_5,rerun passed: 7/7 local tests; all target metrics exceed 90%,long-method_coverage.csv
12,1,original,@extrulesproject/long-method-check,agc-template-market-harmonyos-demos/BooksAndReferenceTemplate/BookRead/components/swiper_card/src/main/ets/components/TUISwiper.ets,agc-template-market-harmonyos-demos,b9445e27d154b3d9a800d9460f2773a56fd21bef,68,124,yes,agc-template-market-harmonyos-demos/BooksAndReferenceTemplate/BookRead/components/swiper_card/src/ohosTest/ets/test/List.test.ets;agc-template-market-harmonyos-demos/BooksAndReferenceTemplate/BookRead/components/swiper_card/src/ohosTest/ets/test/TUISwiper.test.ets,instrument-test,TUISwiperTest,hvigorw --no-daemon onDeviceTest -p module=swiper_card@ohosTest -p coverage=true -p scope=TUISwiperTest,passed,38,38,100.00,12,12,100.00,1,1,100.00,initDataByIsCovered,rerun passed: 7/7 instrument tests,long-method_coverage.csv
13,1,original,@extrulesproject/long-method-check,agc-template-market-harmonyos-demos/ToolsTemplate/SmartHome/features/device_service/src/main/ets/pages/QuickLoginPage.ets,agc-template-market-harmonyos-demos,c21e0a6ca8bc7fe40af7557ca325954e0fab9968,103,179,yes,agc-template-market-harmonyos-demos/ToolsTemplate/SmartHome/features/device_service/src/ohosTest/ets/test/List.test.ets;agc-template-market-harmonyos-demos/ToolsTemplate/SmartHome/features/device_service/src/ohosTest/ets/test/QuickLoginPage.test.ets;agc-template-market-harmonyos-demos/ToolsTemplate/SmartHome/features/device_service/src/ohosTest/ets/testability/pages/Index.ets,instrument-test,QuickLoginPageTest,hvigorw --no-daemon onDeviceTest -p module=device_service@ohosTest -p coverage=true -p scope=QuickLoginPageTest,passed,40,40,100.00,16,16,100.00,2,2,100.00,handleLoginWithHuaweiIDButton;anonymous_11,rerun passed: QuickLoginPageTest,long-method_coverage.csv
14,1,original,@extrulesproject/long-method-check,agc-template-market-harmonyos-demos/BusinessTemplate/OfficeAttendance/scenes/agency/src/main/ets/agency/components/AgencyTaskCalender.ets,agc-template-market-harmonyos-demos,b9445e27d154b3d9a800d9460f2773a56fd21bef,128,308,yes,agc-template-market-harmonyos-demos/BusinessTemplate/OfficeAttendance/scenes/agency/src/ohosTest/ets/test/AgencyTaskCalender.test.ets;agc-template-market-harmonyos-demos/BusinessTemplate/OfficeAttendance/scenes/agency/src/ohosTest/ets/test/List.test.ets;agc-template-market-harmonyos-demos/BusinessTemplate/OfficeAttendance/scenes/agency/src/ohosTest/ets/testability/pages/Index.ets,instrument-test,AgencyTaskCalenderTest,hvigorw --no-daemon onDeviceTest -p module=agency@ohosTest -p coverage=true -p scope=AgencyTaskCalenderTest,passed,142,133,93.66,24,22,91.67,49,45,91.84,initialRender;anonymous_6;anonymous_7;anonymous_8;anonymous_9;anonymous_10;anonymous_11;anonymous_12;anonymous_13;anonymous_14;anonymous_15;anonymous_16;anonymous_17;anonymous_18;anonymous_19;anonymous_20;anonymous_22;anonymous_23;anonymous_24;anonymous_25;anonymous_26;anonymous_27;anonymous_28;anonymous_29;anonymous_30;anonymous_31;anonymous_32;anonymous_33;anonymous_34;anonymous_35;anonymous_36;anonymous_37;anonymous_38;anonymous_39;anonymous_40;anonymous_41;anonymous_42;anonymous_43;anonymous_44;anonymous_45;anonymous_46;anonymous_47;anonymous_48;anonymous_49;anonymous_50;anonymous_51;anonymous_52;anonymous_53;anonymous_54,rerun passed: 3/3 tests,long-method_coverage.csv
15,1,original,@extrulesproject/long-method-check,agc-template-market-harmonyos-demos/BusinessTemplate/OfficeAttendance/scenes/schedule/src/main/ets/schedule/components/ScheduleForm.ets,agc-template-market-harmonyos-demos,d7183319c204f878f978656cd7cd065cc8a48cbf,257,633,yes,agc-template-market-harmonyos-demos/BusinessTemplate/OfficeAttendance/scenes/schedule/src/ohosTest/ets/test/ScheduleForm.test.ets;agc-template-market-harmonyos-demos/BusinessTemplate/OfficeAttendance/scenes/schedule/src/ohosTest/ets/test/List.test.ets;agc-template-market-harmonyos-demos/BusinessTemplate/OfficeAttendance/scenes/schedule/src/ohosTest/ets/test/Ability.test.ets;agc-template-market-harmonyos-demos/BusinessTemplate/OfficeAttendance/scenes/schedule/src/ohosTest/ets/testability/pages/Index.ets,instrument-test,ScheduleFormTest,hvigorw --no-daemon onDeviceTest -p module=schedule@ohosTest -p coverage=true -p scope=ScheduleFormTest,passed,273,263,96.34,0,0,N/A,77,71,92.21,initialRender;anonymous_32;anonymous_33;anonymous_34;anonymous_35;anonymous_36;anonymous_37;anonymous_38;anonymous_39;anonymous_40;anonymous_42;anonymous_43;anonymous_44;anonymous_45;anonymous_46;anonymous_47;anonymous_48;anonymous_49;anonymous_50;anonymous_51;anonymous_52;anonymous_53;anonymous_54;anonymous_55;anonymous_56;anonymous_57;anonymous_58;anonymous_60;anonymous_61;anonymous_62;anonymous_63;anonymous_64;anonymous_65;anonymous_66;anonymous_67;anonymous_68;anonymous_69;anonymous_70;anonymous_71;anonymous_72;anonymous_73;anonymous_74;anonymous_75;anonymous_76;anonymous_77;anonymous_78;anonymous_79;anonymous_80;anonymous_81;anonymous_82;anonymous_83;anonymous_84;anonymous_85;anonymous_86;anonymous_87;anonymous_88;anonymous_89;anonymous_90;anonymous_91;anonymous_92;anonymous_93;anonymous_94;anonymous_95;anonymous_96;anonymous_97;anonymous_98;anonymous_99;anonymous_100;anonymous_101;anonymous_102;anonymous_103;anonymous_104;anonymous_105;anonymous_106;anonymous_107;anonymous_108;anonymous_109,rerun passed: ScheduleFormTest,long-method_coverage.csv
16,1,original,@extrulesproject/long-method-check,agc-template-market-harmonyos-demos/FoodAndDrinkTemplate/TeaDrinkOrders/features/order/src/main/ets/pages/GoodDetailPage.ets,agc-template-market-harmonyos-demos,b9445e27d154b3d9a800d9460f2773a56fd21bef,287,389,yes,agc-template-market-harmonyos-demos/FoodAndDrinkTemplate/TeaDrinkOrders/products/phone/src/ohosTest/ets/test/List.test.ets;agc-template-market-harmonyos-demos/FoodAndDrinkTemplate/TeaDrinkOrders/products/phone/src/ohosTest/ets/test/GoodDetailPage.test.ets;agc-template-market-harmonyos-demos/FoodAndDrinkTemplate/TeaDrinkOrders/products/phone/src/ohosTest/ets/testability/pages/Index.ets,instrument-test,GoodDetailPageTest,hvigorw --no-daemon onDeviceTest -p module=phone@ohosTest -p coverage=true -p scope=GoodDetailPageTest,passed,86,82,95.35,10,10,100.00,23,21,91.30,goodPkgComp;anonymous_78;anonymous_79;anonymous_80;anonymous_81;anonymous_82;anonymous_83;anonymous_84;anonymous_85;anonymous_88;anonymous_89;anonymous_90;anonymous_91;anonymous_92;anonymous_93;anonymous_94;anonymous_95;anonymous_96;anonymous_97;anonymous_98;anonymous_99;anonymous_100;anonymous_101,rerun passed: 1/1 tests,long-method_coverage.csv
17,1,original,@extrulesproject/long-method-check,agc-template-market-harmonyos-demos/ToolsTemplate/SmartHome/features/device_service/src/main/ets/view/AgreementView.ets,agc-template-market-harmonyos-demos,b9445e27d154b3d9a800d9460f2773a56fd21bef,54,149,yes,agc-template-market-harmonyos-demos/ToolsTemplate/SmartHome/features/device_service/src/ohosTest/ets/test/List.test.ets;agc-template-market-harmonyos-demos/ToolsTemplate/SmartHome/features/device_service/src/ohosTest/ets/test/AgreementView.test.ets;agc-template-market-harmonyos-demos/ToolsTemplate/SmartHome/features/device_service/src/ohosTest/ets/testability/pages/Index.ets,instrument-test,AgreementViewTest,hvigorw --no-daemon onDeviceTest -p module=device_service@ohosTest -p coverage=true -p scope=AgreementViewTest,passed,76,76,100.00,2,2,100.00,13,13,100.00,initialRender;anonymous_16;anonymous_17;anonymous_18;anonymous_19;anonymous_20;anonymous_21;anonymous_22;anonymous_24;anonymous_25;anonymous_26;anonymous_27;anonymous_28,rerun passed: 2/2 instrument tests,long-method_coverage.csv
1,1,original,@extrulesproject/switch-statement-check,agc-template-market-harmonyos-demos/PhotographyTemplate/ImageProcessing/scenes/picture_beautification/src/main/ets/components/CarouseCutToolBar.ets,agc-template-market-harmonyos-demos,8060bd7f522db5e7fee45fe8eb38d5ceadb90d54,156,187,yes,agc-template-market-harmonyos-demos/PhotographyTemplate/ImageProcessing/scenes/picture_beautification/src/ohosTest/ets/test/List.test.ets;agc-template-market-harmonyos-demos/PhotographyTemplate/ImageProcessing/scenes/picture_beautification/src/ohosTest/ets/test/CarouseCutToolBar.test.ets,instrument-test,CarouseCutToolBarTest,hvigorw --no-daemon onDeviceTest -p module=picture_beautification@ohosTest -p coverage=true -p scope=CarouseCutToolBarTest,passed,30,29,96.67,16,15,93.75,1,1,100.00,getCropRatio,rerun passed: 7/7 instrument tests,switch-statement_coverage.csv
1,1,original,@extrulesproject/code-clone-fragment-check,agc-template-market-harmonyos-demos/ShoppingTemplate/ComprehensiveMall/modules/scene/shopping/src/main/ets/logic/CartPageLogic.ets,agc-template-market-harmonyos-demos,4a64a51688f5fca031a870b7748157e280f0da87,139,156,yes,agc-template-market-harmonyos-demos/ShoppingTemplate/ComprehensiveMall/modules/scene/shopping/src/test/List.test.ets;agc-template-market-harmonyos-demos/ShoppingTemplate/ComprehensiveMall/modules/scene/shopping/src/test/CartPageLogic.test.ets,local-test,CartPageLogicTest,hvigorw --no-daemon test -p module=scene_shopping_v2 -p coverage=true -p scope=CartPageLogicTest,passed,17,17,100,2,2,100,1,1,100,anonymous_3,rerun passed: 7/7 tests,code-clone_coverage.csv
1,1,similar,@extrulesproject/code-clone-fragment-check,agc-template-market-harmonyos-demos/ShoppingTemplate/ComprehensiveMall/modules/scene/shopping/src/main/ets/logic/CartPageLogic.ets,agc-template-market-harmonyos-demos,4a64a51688f5fca031a870b7748157e280f0da87,238,255,yes,agc-template-market-harmonyos-demos/ShoppingTemplate/ComprehensiveMall/modules/scene/shopping/src/test/List.test.ets;agc-template-market-harmonyos-demos/ShoppingTemplate/ComprehensiveMall/modules/scene/shopping/src/test/CartPageLogic.test.ets,local-test,CartPageLogicTest,hvigorw --no-daemon test -p module=scene_shopping_v2 -p coverage=true -p scope=CartPageLogicTest,passed,17,17,100,2,2,100,2,2,100,anonymous_10;anonymous_11,rerun passed: 7/7 tests,code-clone_coverage.csv
2,1,original,@extrulesproject/code-clone-fragment-check,agc-template-market-harmonyos-demos/ShoppingTemplate/ComprehensiveMall/scenes/shopping/src/main/ets/logic/CartPageLogic.ets,agc-template-market-harmonyos-demos,572aa1adfb2890f44168c7efbce4d46bc5ee53f6,122,139,yes,agc-template-market-harmonyos-demos/ShoppingTemplate/ComprehensiveMall/scenes/shopping/src/test/List.test.ets;agc-template-market-harmonyos-demos/ShoppingTemplate/ComprehensiveMall/scenes/shopping/src/test/CartPageLogic.test.ets,local-test,CartPageLogicTest,hvigorw --no-daemon test -p module=shopping -p coverage=true -p scope=CartPageLogicTest,passed,17,17,100,2,2,100,1,1,100,anonymous_3,rerun passed: 7/7 tests,code-clone_coverage.csv
2,1,similar,@extrulesproject/code-clone-fragment-check,agc-template-market-harmonyos-demos/ShoppingTemplate/ComprehensiveMall/scenes/shopping/src/main/ets/logic/CartPageLogic.ets,agc-template-market-harmonyos-demos,572aa1adfb2890f44168c7efbce4d46bc5ee53f6,181,198,yes,agc-template-market-harmonyos-demos/ShoppingTemplate/ComprehensiveMall/scenes/shopping/src/test/List.test.ets;agc-template-market-harmonyos-demos/ShoppingTemplate/ComprehensiveMall/scenes/shopping/src/test/CartPageLogic.test.ets,local-test,CartPageLogicTest,hvigorw --no-daemon test -p module=shopping -p coverage=true -p scope=CartPageLogicTest,passed,17,17,100,2,2,100,2,2,100,anonymous_4;anonymous_5,rerun passed: 7/7 tests,code-clone_coverage.csv
3,1,original,@extrulesproject/code-clone-fragment-check,agc-template-market-harmonyos-demos/ShoppingTemplate/Express/features/business_mine/src/main/ets/viewModels/EditNamePageVM.ets,agc-template-market-harmonyos-demos,d7183319c204f878f978656cd7cd065cc8a48cbf,10,49,yes,agc-template-market-harmonyos-demos/ShoppingTemplate/Express/features/business_mine/src/test/List.test.ets;agc-template-market-harmonyos-demos/ShoppingTemplate/Express/features/business_mine/src/test/EditNamePageVM.test.ets;agc-template-market-harmonyos-demos/ShoppingTemplate/Express/features/business_mine/src/test/EditPhonePageVM.test.ets,local-test,"EditNamePageVMTest,EditPhonePageVMTest","hvigorw --no-daemon test -p module=business_mine -p coverage=true -p scope=EditNamePageVMTest,EditPhonePageVMTest",passed,25,25,100,8,8,100,7,7,100,anonymous_0;EditNamePageVM.onChange;EditNamePageVM.checkLogin;EditNamePageVM.instance;EditNamePageVM.init;EditNamePageVM.clear;EditNamePageVM.modify,rerun passed: 24/24 tests on 2026-07-28,code-clone_coverage.csv
3,1,similar,@extrulesproject/code-clone-fragment-check,agc-template-market-harmonyos-demos/ShoppingTemplate/Express/features/business_mine/src/main/ets/viewModels/EditPhonePageVM.ets,agc-template-market-harmonyos-demos,d7183319c204f878f978656cd7cd065cc8a48cbf,10,49,yes,agc-template-market-harmonyos-demos/ShoppingTemplate/Express/features/business_mine/src/test/List.test.ets;agc-template-market-harmonyos-demos/ShoppingTemplate/Express/features/business_mine/src/test/EditNamePageVM.test.ets;agc-template-market-harmonyos-demos/ShoppingTemplate/Express/features/business_mine/src/test/EditPhonePageVM.test.ets,local-test,"EditNamePageVMTest,EditPhonePageVMTest","hvigorw --no-daemon test -p module=business_mine -p coverage=true -p scope=EditNamePageVMTest,EditPhonePageVMTest",passed,25,25,100,8,8,100,7,7,100,anonymous_0;EditPhonePageVM.onChange;EditPhonePageVM.checkLogin;EditPhonePageVM.instance;EditPhonePageVM.init;EditPhonePageVM.clear;EditPhonePageVM.modify,rerun passed: 24/24 tests on 2026-07-28,code-clone_coverage.csv
1,1,path,Data Clumps,openharmony_tpc_samples/Spine/entry/src/main/ets/pages/SingleExample.ets,openharmony_tpc_samples,ad5e4c371407cf65024e266952a5a401dcb66386,252,278,yes,openharmony_tpc_samples/Spine/entry/src/test/List.test.ets;openharmony_tpc_samples/Spine/entry/src/test/SingleExampleRender.test.ets;openharmony_tpc_samples/Spine/entry/src/test/NetworkExampleRender.test.ets;openharmony_tpc_samples/Spine/entry/src/test/Example1Render.test.ets;openharmony_tpc_samples/Spine/entry/src/test/Example2Render.test.ets;openharmony_tpc_samples/Spine/entry/src/test/Example3Render.test.ets;openharmony_tpc_samples/Spine/entry/src/test/Example4Render.test.ets,local-test,"LocalUnitTest,SingleExampleRenderTest,NetworkExampleRenderTest,Example1RenderTest,Example2RenderTest,Example3RenderTest,Example4RenderTest","hvigorw --no-daemon test -p module=entry@default -p product=default -p coverage=true -p scope=LocalUnitTest,SingleExampleRenderTest,NetworkExampleRenderTest,Example1RenderTest,Example2RenderTest,Example3RenderTest,Example4RenderTest",passed,17,17,100.00,0,0,N/A,1,1,100.00,render,rerun passed: 18/18 tests; row in source dataset shifted vs current source; range_start/range_end resolved against coverageReport.json by symbol,data-clumps_coverage.csv
2,1,path,Data Clumps,cases/CommonAppDevelopment/feature/textoverflow/src/main/ets/components/model/TextFlowMode.ets,cases,4efeab569b2476edc4ab20533d5c64cd2442b977,37,46,yes,cases/CommonAppDevelopment/feature/textoverflow/src/test/List.test.ets;cases/CommonAppDevelopment/feature/textoverflow/src/test/TextFlowMode.test.ets,local-test,TextFlowModeTest,hvigorw --no-daemon --mode module -p product=default -p module=textoverflow@default -p coverage=true -p test=true test --scope TextFlowModeTest -p scope=TextFlowModeTest,passed,9,9,100.00,0,0,N/A,1,1,100.00,CommentModel.constructor,rerun passed: 2/2 tests,data-clumps_coverage.csv
3,1,path,Data Clumps,ostest_integration_test/scenario/MyMusic/entry/src/main/ets/viewmodel/BookTriItemData.ets,ostest_integration_test,6d56948d6da22838ea7118f5cb7e1ef754b2bd3f,39,48,yes,ostest_integration_test/scenario/MyMusic/entry/src/test/List.test.ets;ostest_integration_test/scenario/MyMusic/entry/src/test/DataClumps.test.ets,local-test,DataClumpsConstructorContract,hvigorw --no-daemon test -p module=entry -p coverage=true -p scope=DataClumpsConstructorContract,passed,9,9,100.00,0,0,N/A,1,1,100.00,BookTriItemData.constructor,rerun passed: 12/12; original sample range 39-48 retained; refactored constructor is now lines 8-11 with 3/3 executable lines and 1/1 function covered,data-clumps_coverage.csv
4,1,path,Data Clumps,ostest_integration_test/performance/arkui/benchmark_component/entry/src/main/ets/pages/stateManagement/track/TrackBooleanSample.ets,ostest_integration_test,d6477e24c5866e9b59c9c6d5a150477f51ecd67f,44,68,yes,ostest_integration_test/performance/arkui/benchmark_component/entry/src/test/List.test.ets;ostest_integration_test/performance/arkui/benchmark_component/entry/src/test/ClassModel.test.ets;ostest_integration_test/performance/arkui/benchmark_component/entry/src/test/TrackBooleanSample.test.ets;ostest_integration_test/performance/arkui/benchmark_component/entry/src/test/TrackBooleanArrSample.test.ets,local-test,"ClassModelLocalTest,TrackBooleanSampleLocalTest,TrackBooleanArrSampleLocalTest","hvigorw --no-daemon test -p module=entry -p coverage=true -p scope=ClassModelLocalTest,TrackBooleanSampleLocalTest,TrackBooleanArrSampleLocalTest",passed,24,24,100.00,0,0,N/A,1,1,100.00,TrackClassModel.constructor,rerun passed: 6/6 tests,data-clumps_coverage.csv
5,1,path,Data Clumps,openharmony_tpc_samples/Spine/entry/src/main/ets/pages/NetworkExample.ets,openharmony_tpc_samples,ad5e4c371407cf65024e266952a5a401dcb66386,213,241,yes,openharmony_tpc_samples/Spine/entry/src/test/List.test.ets;openharmony_tpc_samples/Spine/entry/src/test/SingleExampleRender.test.ets;openharmony_tpc_samples/Spine/entry/src/test/NetworkExampleRender.test.ets;openharmony_tpc_samples/Spine/entry/src/test/Example1Render.test.ets;openharmony_tpc_samples/Spine/entry/src/test/Example2Render.test.ets;openharmony_tpc_samples/Spine/entry/src/test/Example3Render.test.ets;openharmony_tpc_samples/Spine/entry/src/test/Example4Render.test.ets,local-test,"LocalUnitTest,SingleExampleRenderTest,NetworkExampleRenderTest,Example1RenderTest,Example2RenderTest,Example3RenderTest,Example4RenderTest","hvigorw --no-daemon test -p module=entry@default -p product=default -p coverage=true -p scope=LocalUnitTest,SingleExampleRenderTest,NetworkExampleRenderTest,Example1RenderTest,Example2RenderTest,Example3RenderTest,Example4RenderTest",passed,17,17,100.00,0,0,N/A,1,1,100.00,render,rerun passed: 18/18 tests; row in source dataset shifted vs current source; range_start/range_end resolved against coverageReport.json by symbol,data-clumps_coverage.csv
6,1,path,Data Clumps,cases/CommonAppDevelopment/feature/containernestedslide/src/main/ets/model/NewsCommentModel.ets,cases,4efeab569b2476edc4ab20533d5c64cd2442b977,37,46,yes,cases/CommonAppDevelopment/feature/containernestedslide/src/test/List.test.ets;cases/CommonAppDevelopment/feature/containernestedslide/src/test/NewsCommentModel.test.ets,local-test,NewsCommentModelTest,hvigorw --no-daemon --mode module -p product=default -p module=containernestedslide@default -p coverage=true -p test=true test --scope NewsCommentModelTest -p scope=NewsCommentModelTest,passed,9,9,100.00,0,0,N/A,1,1,100.00,NewsCommentModel.constructor,rerun passed: 2/2 tests,data-clumps_coverage.csv
7,1,path,Data Clumps,ostest_integration_test/performance/arkui/benchmark_component/entry/src/main/ets/pages/stateManagement/track/TrackBooleanArrSample.ets,ostest_integration_test,d6477e24c5866e9b59c9c6d5a150477f51ecd67f,43,67,yes,ostest_integration_test/performance/arkui/benchmark_component/entry/src/test/List.test.ets;ostest_integration_test/performance/arkui/benchmark_component/entry/src/test/ClassModel.test.ets;ostest_integration_test/performance/arkui/benchmark_component/entry/src/test/TrackBooleanSample.test.ets;ostest_integration_test/performance/arkui/benchmark_component/entry/src/test/TrackBooleanArrSample.test.ets,local-test,"ClassModelLocalTest,TrackBooleanSampleLocalTest,TrackBooleanArrSampleLocalTest","hvigorw --no-daemon test -p module=entry -p coverage=true -p scope=ClassModelLocalTest,TrackBooleanSampleLocalTest,TrackBooleanArrSampleLocalTest",passed,24,24,100.00,0,0,N/A,1,1,100.00,TrackClassModel.constructor,rerun passed: 6/6 tests,data-clumps_coverage.csv
8,1,path,Data Clumps,openharmony_tpc_samples/Spine/entry/src/main/ets/pages/Example4.ets,openharmony_tpc_samples,ad5e4c371407cf65024e266952a5a401dcb66386,327,353,yes,openharmony_tpc_samples/Spine/entry/src/test/List.test.ets;openharmony_tpc_samples/Spine/entry/src/test/SingleExampleRender.test.ets;openharmony_tpc_samples/Spine/entry/src/test/NetworkExampleRender.test.ets;openharmony_tpc_samples/Spine/entry/src/test/Example1Render.test.ets;openharmony_tpc_samples/Spine/entry/src/test/Example2Render.test.ets;openharmony_tpc_samples/Spine/entry/src/test/Example3Render.test.ets;openharmony_tpc_samples/Spine/entry/src/test/Example4Render.test.ets,local-test,"LocalUnitTest,SingleExampleRenderTest,NetworkExampleRenderTest,Example1RenderTest,Example2RenderTest,Example3RenderTest,Example4RenderTest","hvigorw --no-daemon test -p module=entry@default -p product=default -p coverage=true -p scope=LocalUnitTest,SingleExampleRenderTest,NetworkExampleRenderTest,Example1RenderTest,Example2RenderTest,Example3RenderTest,Example4RenderTest",passed,17,17,100.00,0,0,N/A,1,1,100.00,render,rerun passed: 18/18 tests; row in source dataset shifted vs current source; range_start/range_end resolved against coverageReport.json by symbol,data-clumps_coverage.csv
9,1,path,Data Clumps,cases/CommonAppDevelopment/feature/statusbaranimation/src/main/ets/model/Model.ets,cases,4efeab569b2476edc4ab20533d5c64cd2442b977,28,40,yes,cases/CommonAppDevelopment/feature/statusbaranimation/src/test/List.test.ets;cases/CommonAppDevelopment/feature/statusbaranimation/src/test/Model.test.ets,local-test,ModelTest,hvigorw --no-daemon --mode module -p product=default -p module=statusbaranimation@default -p coverage=true -p test=true test --scope ModelTest -p scope=ModelTest,passed,12,12,100.00,0,0,N/A,1,1,100.00,Model.constructor,rerun passed: 2/2 tests,data-clumps_coverage.csv
10,1,path,Data Clumps,ostest_integration_test/performance/arkui/benchmark_component/entry/src/main/ets/pages/stateManagement/ClassModel.ets,ostest_integration_test,d6477e24c5866e9b59c9c6d5a150477f51ecd67f,38,62,yes,ostest_integration_test/performance/arkui/benchmark_component/entry/src/test/List.test.ets;ostest_integration_test/performance/arkui/benchmark_component/entry/src/test/ClassModel.test.ets;ostest_integration_test/performance/arkui/benchmark_component/entry/src/test/TrackBooleanSample.test.ets;ostest_integration_test/performance/arkui/benchmark_component/entry/src/test/TrackBooleanArrSample.test.ets,local-test,"ClassModelLocalTest,TrackBooleanSampleLocalTest,TrackBooleanArrSampleLocalTest","hvigorw --no-daemon test -p module=entry -p coverage=true -p scope=ClassModelLocalTest,TrackBooleanSampleLocalTest,TrackBooleanArrSampleLocalTest",passed,24,24,100.00,0,0,N/A,1,1,100.00,ClassModel.constructor,rerun passed: 6/6 tests,data-clumps_coverage.csv
11,1,path,Data Clumps,openharmony_tpc_samples/Spine/entry/src/main/ets/pages/Example3.ets,openharmony_tpc_samples,ad5e4c371407cf65024e266952a5a401dcb66386,186,212,yes,openharmony_tpc_samples/Spine/entry/src/test/List.test.ets;openharmony_tpc_samples/Spine/entry/src/test/SingleExampleRender.test.ets;openharmony_tpc_samples/Spine/entry/src/test/NetworkExampleRender.test.ets;openharmony_tpc_samples/Spine/entry/src/test/Example1Render.test.ets;openharmony_tpc_samples/Spine/entry/src/test/Example2Render.test.ets;openharmony_tpc_samples/Spine/entry/src/test/Example3Render.test.ets;openharmony_tpc_samples/Spine/entry/src/test/Example4Render.test.ets,local-test,"LocalUnitTest,SingleExampleRenderTest,NetworkExampleRenderTest,Example1RenderTest,Example2RenderTest,Example3RenderTest,Example4RenderTest","hvigorw --no-daemon test -p module=entry@default -p product=default -p coverage=true -p scope=LocalUnitTest,SingleExampleRenderTest,NetworkExampleRenderTest,Example1RenderTest,Example2RenderTest,Example3RenderTest,Example4RenderTest",passed,17,17,100.00,0,0,N/A,1,1,100.00,render,rerun passed: 18/18 tests; row in source dataset shifted vs current source; range_start/range_end resolved against coverageReport.json by symbol,data-clumps_coverage.csv
12,1,path,Data Clumps,cases/CommonAppDevelopment/feature/skeletondiagram/src/main/ets/model/Model.ets,cases,4efeab569b2476edc4ab20533d5c64cd2442b977,28,40,yes,cases/CommonAppDevelopment/feature/skeletondiagram/src/test/List.test.ets;cases/CommonAppDevelopment/feature/skeletondiagram/src/test/Model.test.ets,local-test,ModelTest,hvigorw --no-daemon --mode module -p product=default -p module=skeletondiagram@default -p coverage=true -p test=true test --scope ModelTest -p scope=ModelTest,passed,12,12,100.00,0,0,N/A,1,1,100.00,Model.constructor,rerun passed: 2/2 tests,data-clumps_coverage.csv
13,1,path,Data Clumps,ostest_integration_test/performance/arkui/benchmark_component/entry/src/main/ets/pages/stateManagement/ClassModel.ets,ostest_integration_test,d6477e24c5866e9b59c9c6d5a150477f51ecd67f,111,135,yes,ostest_integration_test/performance/arkui/benchmark_component/entry/src/test/List.test.ets;ostest_integration_test/performance/arkui/benchmark_component/entry/src/test/ClassModel.test.ets;ostest_integration_test/performance/arkui/benchmark_component/entry/src/test/TrackBooleanSample.test.ets;ostest_integration_test/performance/arkui/benchmark_component/entry/src/test/TrackBooleanArrSample.test.ets,local-test,"ClassModelLocalTest,TrackBooleanSampleLocalTest,TrackBooleanArrSampleLocalTest","hvigorw --no-daemon test -p module=entry -p coverage=true -p scope=ClassModelLocalTest,TrackBooleanSampleLocalTest,TrackBooleanArrSampleLocalTest",passed,24,24,100.00,0,0,N/A,1,1,100.00,TrackClassModel.constructor,rerun passed: 6/6 tests,data-clumps_coverage.csv
14,1,path,Data Clumps,openharmony_tpc_samples/Spine/entry/src/main/ets/pages/Example2.ets,openharmony_tpc_samples,ad5e4c371407cf65024e266952a5a401dcb66386,152,178,yes,openharmony_tpc_samples/Spine/entry/src/test/List.test.ets;openharmony_tpc_samples/Spine/entry/src/test/SingleExampleRender.test.ets;openharmony_tpc_samples/Spine/entry/src/test/NetworkExampleRender.test.ets;openharmony_tpc_samples/Spine/entry/src/test/Example1Render.test.ets;openharmony_tpc_samples/Spine/entry/src/test/Example2Render.test.ets;openharmony_tpc_samples/Spine/entry/src/test/Example3Render.test.ets;openharmony_tpc_samples/Spine/entry/src/test/Example4Render.test.ets,local-test,"LocalUnitTest,SingleExampleRenderTest,NetworkExampleRenderTest,Example1RenderTest,Example2RenderTest,Example3RenderTest,Example4RenderTest","hvigorw --no-daemon test -p module=entry@default -p product=default -p coverage=true -p scope=LocalUnitTest,SingleExampleRenderTest,NetworkExampleRenderTest,Example1RenderTest,Example2RenderTest,Example3RenderTest,Example4RenderTest",passed,17,17,100.00,0,0,N/A,1,1,100.00,render,rerun passed: 18/18 tests; row in source dataset shifted vs current source; range_start/range_end resolved against coverageReport.json by symbol,data-clumps_coverage.csv
15,1,path,Data Clumps,openharmony_tpc_samples/Spine/entry/src/main/ets/pages/Example1.ets,openharmony_tpc_samples,ad5e4c371407cf65024e266952a5a401dcb66386,159,185,yes,openharmony_tpc_samples/Spine/entry/src/test/List.test.ets;openharmony_tpc_samples/Spine/entry/src/test/SingleExampleRender.test.ets;openharmony_tpc_samples/Spine/entry/src/test/NetworkExampleRender.test.ets;openharmony_tpc_samples/Spine/entry/src/test/Example1Render.test.ets;openharmony_tpc_samples/Spine/entry/src/test/Example2Render.test.ets;openharmony_tpc_samples/Spine/entry/src/test/Example3Render.test.ets;openharmony_tpc_samples/Spine/entry/src/test/Example4Render.test.ets,local-test,"LocalUnitTest,SingleExampleRenderTest,NetworkExampleRenderTest,Example1RenderTest,Example2RenderTest,Example3RenderTest,Example4RenderTest","hvigorw --no-daemon test -p module=entry@default -p product=default -p coverage=true -p scope=LocalUnitTest,SingleExampleRenderTest,NetworkExampleRenderTest,Example1RenderTest,Example2RenderTest,Example3RenderTest,Example4RenderTest",passed,17,17,100.00,0,0,N/A,1,1,100.00,render,rerun passed: 18/18 tests; row in source dataset shifted vs current source; range_start/range_end resolved against coverageReport.json by symbol,data-clumps_coverage.csv
1,1,original,@extrulesproject/feature-envy-check,applications_settings/product/phone/src/main/ets/pages/wifi.ets,applications_settings,2b5f9146ba664424f2987983e4dab7e92f436fef,340,356,yes,applications_settings/product/phone/src/test/AccessibilitySettingModel.test.ets;applications_settings/product/phone/src/test/List.test.ets;applications_settings/product/phone/src/test/accessibilityScreenTouch.test.ets;applications_settings/product/phone/src/test/ipsecVpnEdit.test.ets;applications_settings/product/phone/src/test/openVpnEdit.test.ets;applications_settings/product/phone/src/test/vpnLine.test.ets;applications_settings/product/phone/src/test/wifi.test.ets,local-test,phoneAllSuites,hvigorw --no-daemon test -p module=phone -p coverage=true -p scope=phoneAllSuites,passed,10,10,100.00,6,6,100.00,1,1,100.00,isNeedRenderConnectedWiFi,rerun passed: 23/23 tests,feature-envy_coverage.csv
2,1,original,@extrulesproject/feature-envy-check,agc-template-market-harmonyos-demos/BooksAndReferenceTemplate/BookRead/feature/book_person/src/main/ets/comp/AccountCard.ets,agc-template-market-harmonyos-demos,621b5f966691fd276e1618b979065ea77f47ef26,31,39,yes,agc-template-market-harmonyos-demos/BooksAndReferenceTemplate/BookRead/feature/book_person/src/test/AccountCard.test.ets;agc-template-market-harmonyos-demos/BooksAndReferenceTemplate/BookRead/feature/book_person/src/test/List.test.ets;agc-template-market-harmonyos-demos/BooksAndReferenceTemplate/BookRead/feature/book_person/src/test/LocalUnit.test.ets;agc-template-market-harmonyos-demos/BooksAndReferenceTemplate/BookRead/feature/book_person/src/test/RechargePage.test.ets,local-test,book_personAllSuites,hvigorw --no-daemon test -p module=book_person -p coverage=true -p scope=book_personAllSuites,passed,7,7,100.00,2,2,100.00,1,1,100.00,updateBookCoins,rerun passed: 7/7 tests,feature-envy_coverage.csv
3,1,original,@extrulesproject/feature-envy-check,agc-template-market-harmonyos-demos/BooksAndReferenceTemplate/BookRead/feature/book_person/src/main/ets/views/RechargePage.ets,agc-template-market-harmonyos-demos,c21e0a6ca8bc7fe40af7557ca325954e0fab9968,25,35,yes,agc-template-market-harmonyos-demos/BooksAndReferenceTemplate/BookRead/feature/book_person/src/test/AccountCard.test.ets;agc-template-market-harmonyos-demos/BooksAndReferenceTemplate/BookRead/feature/book_person/src/test/List.test.ets;agc-template-market-harmonyos-demos/BooksAndReferenceTemplate/BookRead/feature/book_person/src/test/LocalUnit.test.ets;agc-template-market-harmonyos-demos/BooksAndReferenceTemplate/BookRead/feature/book_person/src/test/RechargePage.test.ets,local-test,book_personAllSuites,hvigorw --no-daemon test -p module=book_person -p coverage=true -p scope=book_personAllSuites,passed,7,7,100.00,2,2,100.00,1,1,100.00,updateBookCoins,rerun passed: 7/7 tests,feature-envy_coverage.csv
4,1,original,@extrulesproject/feature-envy-check,agc-template-market-harmonyos-demos/SocialTemplate/SocialDating/commons/src/main/ets/model/User.ets,agc-template-market-harmonyos-demos,9dddb6a48a5ec8d5016d3ef49e075e34d45665c8,81,91,yes,agc-template-market-harmonyos-demos/SocialTemplate/SocialDating/commons/src/test/List.test.ets;agc-template-market-harmonyos-demos/SocialTemplate/SocialDating/commons/src/test/LocalUnit.test.ets;agc-template-market-harmonyos-demos/SocialTemplate/SocialDating/commons/src/test/User.test.ets,local-test,commonsAllSuites,hvigorw --no-daemon test -p module=commons -p coverage=true -p scope=commonsAllSuites,passed,10,10,100.00,0,0,N/A,1,1,100.00,UserInfo.toBasicUserInfo,rerun passed: 7/7 tests,feature-envy_coverage.csv
5,1,original,@extrulesproject/feature-envy-check,agc-template-market-harmonyos-demos/EducationTemplate/Exam/components/answer_questions/src/main/ets/components/AnswerQuestionsPage.ets,agc-template-market-harmonyos-demos,d35e3a2c7142868cbf5d5f318499631299306499,709,732,yes,agc-template-market-harmonyos-demos/EducationTemplate/Exam/components/answer_questions/src/test/List.test.ets;agc-template-market-harmonyos-demos/EducationTemplate/Exam/components/answer_questions/src/test/AnswerQuestionsPage.test.ets,local-test,AnswerQuestionsPageTest,hvigorw --no-daemon test -p module=answer_questions -p coverage=true -p scope=AnswerQuestionsPageTest,passed,22,22,100.00,0,0,N/A,2,2,100.00,transTopicItemModel;anonymous_122,rerun passed: 2/2 tests,feature-envy_coverage.csv
6,1,original,@extrulesproject/feature-envy-check,agc-template-market-harmonyos-demos/TravelTemplate/FullServiceHotel/features/service/hotel/src/main/ets/viewmodels/HotelOrderPageVM.ets,agc-template-market-harmonyos-demos,d35e3a2c7142868cbf5d5f318499631299306499,28,43,yes,agc-template-market-harmonyos-demos/TravelTemplate/FullServiceHotel/features/service/hotel/src/test/List.test.ets;agc-template-market-harmonyos-demos/TravelTemplate/FullServiceHotel/features/service/hotel/src/test/HotelOrderPageVM.test.ets,local-test,HotelOrderPageVMTest,hvigorw --no-daemon test -p module=hotel -p coverage=true -p scope=HotelOrderPageVMTest,passed,13,13,100.00,0,0,N/A,1,1,100.00,HotelOrderPageVM.initData,rerun passed: 2/2 tests,feature-envy_coverage.csv
7,1,original,@extrulesproject/feature-envy-check,agc-template-market-harmonyos-demos/MedicalTemplate/MedicalCare/features/patient/src/main/ets/viewmodel/PatientViewModel.ets,agc-template-market-harmonyos-demos,778036397d23decbd39e5c7e3a680c8221e4125c,147,216,yes,agc-template-market-harmonyos-demos/MedicalTemplate/MedicalCare/features/patient/src/test/PatientViewModel.test.ets;agc-template-market-harmonyos-demos/MedicalTemplate/MedicalCare/features/patient/src/test/List.test.ets,local-test,PatientViewModelTest,hvigorw --no-daemon test -p module=patient -p coverage=true -p scope=PatientViewModelTest,passed,51,51,100.00,36,35,97.22,1,1,100.00,PatientViewModel.checkPatientInfo,rerun passed: 20/20 tests,feature-envy_coverage.csv
8,1,original,@extrulesproject/feature-envy-check,agc-template-market-harmonyos-demos/LifestyleAndServiceTemplate/ShoppingMall/features/business_home/src/main/ets/viewmodel/StoreGuideDetailViewModel.ets,agc-template-market-harmonyos-demos,69b8b81ae984e1d95ca344cf3449040619a4ac0a,8,22,yes,agc-template-market-harmonyos-demos/LifestyleAndServiceTemplate/ShoppingMall/features/business_home/src/test/StoreGuideDetailViewModel.test.ets;agc-template-market-harmonyos-demos/LifestyleAndServiceTemplate/ShoppingMall/features/business_home/src/test/List.test.ets,local-test,StoreGuideDetailViewModelTest,hvigorw --no-daemon test -p module=business_home -p coverage=true -p scope=StoreGuideDetailViewModelTest,passed,13,13,100.00,2,2,100.00,1,1,100.00,StoreGuideDetailViewModel.getParams,rerun passed: 2/2 tests,feature-envy_coverage.csv
9,1,original,@extrulesproject/feature-envy-check,agc-template-market-harmonyos-demos/FinanceTemplate/FinancialManagement/scenes/position/src/main/ets/viewModels/TransactionInfoVM.ets,agc-template-market-harmonyos-demos,778036397d23decbd39e5c7e3a680c8221e4125c,36,72,yes,agc-template-market-harmonyos-demos/FinanceTemplate/FinancialManagement/scenes/position/src/test/TransactionInfoVM.test.ets;agc-template-market-harmonyos-demos/FinanceTemplate/FinancialManagement/scenes/position/src/test/List.test.ets,local-test,TransactionInfoVMTest,hvigorw --no-daemon test -p module=position -p coverage=true -p scope=TransactionInfoVMTest,passed,28,28,100.00,6,6,100.00,3,3,100.00,TransactionInfoVM.getTransactionRecordInfo;anonymous_0;anonymous_1,rerun passed: 3/3 tests,feature-envy_coverage.csv
10,1,original,@extrulesproject/feature-envy-check,agc-template-market-harmonyos-demos/LifestyleAndServiceTemplate/HouseholdService/features/business_home/src/main/ets/viewmodel/OrderVM.ets,agc-template-market-harmonyos-demos,778036397d23decbd39e5c7e3a680c8221e4125c,143,158,yes,agc-template-market-harmonyos-demos/LifestyleAndServiceTemplate/HouseholdService/features/business_home/src/test/OrderVM.test.ets;agc-template-market-harmonyos-demos/LifestyleAndServiceTemplate/HouseholdService/features/business_home/src/test/List.test.ets,local-test,OrderVMTest,hvigorw --no-daemon test -p module=business_home -p coverage=true -p scope=OrderVMTest,passed,12,12,100.00,4,4,100.00,1,1,100.00,OrderVM.getTotalCash,rerun passed: 4/4 tests,feature-envy_coverage.csv
11,1,original,@extrulesproject/feature-envy-check,agc-template-market-harmonyos-demos/ShoppingTemplate/Express/commons/lib_foundation/src/main/ets/model/ObserveModel.ets,agc-template-market-harmonyos-demos,0e3a54372f8117e4ca2c0dd6ade6103e590af04e,76,89,yes,agc-template-market-harmonyos-demos/ShoppingTemplate/Express/commons/lib_foundation/src/test/ObserveModel.test.ets;agc-template-market-harmonyos-demos/ShoppingTemplate/Express/commons/lib_foundation/src/test/List.test.ets,local-test,ObserveModelTest,hvigorw --no-daemon test -p module=lib_foundation -p coverage=true -p scope=ObserveModelTest,passed,13,13,100.00,0,0,N/A,1,1,100.00,AppStorageBank.updateUserInfo,rerun passed: 1/1 tests,feature-envy_coverage.csv
12,1,original,@extrulesproject/feature-envy-check,agc-template-market-harmonyos-demos/ShoppingTemplate/Express/features/business_order/src/main/ets/viewModels/OrderInfoPageVM.ets,agc-template-market-harmonyos-demos,778036397d23decbd39e5c7e3a680c8221e4125c,45,56,yes,agc-template-market-harmonyos-demos/ShoppingTemplate/Express/features/business_order/src/test/OrderInfoPageVM.test.ets;agc-template-market-harmonyos-demos/ShoppingTemplate/Express/features/business_order/src/test/List.test.ets,local-test,OrderInfoPageVMTest,hvigorw --no-daemon test -p module=business_order -p coverage=true -p scope=OrderInfoPageVMTest,passed,10,10,100.00,0,0,N/A,1,1,100.00,OrderInfoPageVM.getOrderInfo,rerun passed: 3/3 tests,feature-envy_coverage.csv
1,1,original,@extrulesproject/long-method-check,applications_settings/product/phone/src/main/ets/model/accessibilityImpl/AccessibilitySettingModel.ets,applications_settings,2b5f9146ba664424f2987983e4dab7e92f436fef,32,101,yes,applications_settings/product/phone/src/test/AccessibilitySettingModel.test.ets;applications_settings/product/phone/src/test/List.test.ets;applications_settings/product/phone/src/test/accessibilityScreenTouch.test.ets;applications_settings/product/phone/src/test/ipsecVpnEdit.test.ets;applications_settings/product/phone/src/test/openVpnEdit.test.ets;applications_settings/product/phone/src/test/vpnLine.test.ets;applications_settings/product/phone/src/test/wifi.test.ets,local-test,phoneAllSuites,hvigorw --no-daemon test -p module=phone -p coverage=true -p scope=phoneAllSuites,passed,59,59,100,20,20,100,19,19,100,AccessibilitySettingModel.accessibilityConfigSetting;anonymous_0;anonymous_1;anonymous_2;anonymous_3;anonymous_4;anonymous_5;anonymous_6;anonymous_7;anonymous_8;anonymous_9;anonymous_10;anonymous_11;anonymous_12;anonymous_13;anonymous_14;anonymous_15;anonymous_16;anonymous_17,rerun passed: 23/23 tests,long-method_coverage.csv
2,1,original,@extrulesproject/long-method-check,applications_settings/product/phone/src/main/ets/pages/vpn/ipsecVpnEdit.ets,applications_settings,2b5f9146ba664424f2987983e4dab7e92f436fef,60,153,yes,applications_settings/product/phone/src/test/AccessibilitySettingModel.test.ets;applications_settings/product/phone/src/test/List.test.ets;applications_settings/product/phone/src/test/accessibilityScreenTouch.test.ets;applications_settings/product/phone/src/test/ipsecVpnEdit.test.ets;applications_settings/product/phone/src/test/openVpnEdit.test.ets;applications_settings/product/phone/src/test/vpnLine.test.ets;applications_settings/product/phone/src/test/wifi.test.ets,local-test,phoneAllSuites,hvigorw --no-daemon test -p module=phone -p coverage=true -p scope=phoneAllSuites,passed,61,61,100,6,6,100,13,13,100,initCertList;anonymous_2;anonymous_3;anonymous_4;anonymous_5;anonymous_6;anonymous_7;anonymous_8;anonymous_9;anonymous_10;anonymous_11;anonymous_12;anonymous_13,rerun passed: 23/23 tests,long-method_coverage.csv
3,1,original,@extrulesproject/long-method-check,agc-template-market-harmonyos-demos/MedicalTemplate/MedicalCare/common/common/src/main/ets/api/BaseApi.ets,agc-template-market-harmonyos-demos,c21e0a6ca8bc7fe40af7557ca325954e0fab9968,67,141,yes,agc-template-market-harmonyos-demos/MedicalTemplate/MedicalCare/common/common/src/test/List.test.ets;agc-template-market-harmonyos-demos/MedicalTemplate/MedicalCare/common/common/src/test/BaseApi.test.ets,local-test,BaseApiTest,hvigorw test -p module=common -p coverage=true -p scope=BaseApiTest,passed,55,55,100.00,28,28,100.00,1,1,100.00,BaseApi.sendRequest@67-141,rerun passed: BaseApiTest,long-method_coverage.csv
4,1,original,@extrulesproject/long-method-check,agc-template-market-harmonyos-demos/MedicalTemplate/MedicalCare/features/patient/src/main/ets/viewmodel/PatientViewModel.ets,agc-template-market-harmonyos-demos,778036397d23decbd39e5c7e3a680c8221e4125c,147,216,yes,agc-template-market-harmonyos-demos/MedicalTemplate/MedicalCare/features/patient/src/test/List.test.ets;agc-template-market-harmonyos-demos/MedicalTemplate/MedicalCare/features/patient/src/test/PatientViewModel.test.ets,local-test,PatientViewModelTest,hvigorw test -p module=patient -p coverage=true -p scope=PatientViewModelTest,passed,51,51,100,36,36,100,1,1,100,PatientViewModel.checkPatientInfo@147-216(cnt=21),rerun passed: 21/21 tests on 2026-07-27,long-method_coverage.csv
5,1,original,@extrulesproject/long-method-check,agc-template-market-harmonyos-demos/NavigationTemplate/AirTrip/Application/features/flight/src/main/ets/pages/SubmitOrderPage.ets,agc-template-market-harmonyos-demos,778036397d23decbd39e5c7e3a680c8221e4125c,98,200,yes,agc-template-market-harmonyos-demos/NavigationTemplate/AirTrip/Application/features/flight/src/test/List.test.ets;agc-template-market-harmonyos-demos/NavigationTemplate/AirTrip/Application/features/flight/src/test/SubmitOrderPage.test.ets,local-test,SubmitOrderPageTest,hvigorw test -p module=flight -p coverage=true -p scope=SubmitOrderPageTest,passed,85,85,100.00,14,13,92.86,7,7,100.00,submitOrder;anonymous_9;anonymous_10;anonymous_11;anonymous_12;anonymous_13;anonymous_14,rerun passed: 12/12 tests,long-method_coverage.csv
6,1,original,@extrulesproject/long-method-check,agc-template-market-harmonyos-demos/PhotographyTemplate/ImageProcessing/scenes/picture_beautification/src/main/ets/pages/PictureBeautification.ets,agc-template-market-harmonyos-demos,778036397d23decbd39e5c7e3a680c8221e4125c,413,498,yes,agc-template-market-harmonyos-demos/PhotographyTemplate/ImageProcessing/scenes/picture_beautification/src/test/List.test.ets;agc-template-market-harmonyos-demos/PhotographyTemplate/ImageProcessing/scenes/picture_beautification/src/test/PictureBeautification.test.ets,local-test,PictureBeautificationTest,hvigorw test -p module=picture_beautification -p coverage=true -p scope=PictureBeautificationTest,passed,67,63,94.03,32,29,90.63,1,1,100,moveClipCanvasFreeType@413-498(cnt=23),rerun passed: 16/16 tests,long-method_coverage.csv
7,2,original,@extrulesproject/long-method-check,agc-template-market-harmonyos-demos/PhotographyTemplate/ImageProcessing/scenes/picture_beautification/src/main/ets/pages/PictureBeautification.ets,agc-template-market-harmonyos-demos,778036397d23decbd39e5c7e3a680c8221e4125c,501,618,yes,agc-template-market-harmonyos-demos/PhotographyTemplate/ImageProcessing/scenes/picture_beautification/src/test/List.test.ets;agc-template-market-harmonyos-demos/PhotographyTemplate/ImageProcessing/scenes/picture_beautification/src/test/PictureBeautification.test.ets,local-test,PictureBeautificationTest,hvigorw test -p module=picture_beautification -p coverage=true -p scope=PictureBeautificationTest,passed,84,76,90.48,44,40,90.91,1,1,100.00,moveClipCanvasRatioType,rerun passed: 18/18 tests,long-method_coverage.csv
8,1,original,@extrulesproject/long-method-check,agc-template-market-harmonyos-demos/SocialTemplate/SocialDating/features/user/src/main/ets/pages/UserDetail.ets,agc-template-market-harmonyos-demos,778036397d23decbd39e5c7e3a680c8221e4125c,607,707,yes,agc-template-market-harmonyos-demos/SocialTemplate/SocialDating/features/user/src/test/List.test.ets;agc-template-market-harmonyos-demos/SocialTemplate/SocialDating/features/user/src/test/UserDetail.test.ets,local-test,UserDetailTest,hvigorw --no-daemon test -p module=user -p coverage=true -p scope=UserDetailTest,passed,77,77,100.00,6,6,100.00,27,27,100.00,UploadProfilePicDialogBuilder;anonymous_97;anonymous_98;anonymous_99;anonymous_100;anonymous_101;anonymous_102;anonymous_103;anonymous_104;anonymous_105;anonymous_106;anonymous_107;anonymous_108;anonymous_109;anonymous_110;anonymous_111;anonymous_112;anonymous_113;anonymous_114;anonymous_115;anonymous_116;anonymous_117;anonymous_118;anonymous_119;anonymous_120;anonymous_121;anonymous_122,rerun passed: 6/6 local tests on 2026-07-27,long-method_coverage.csv
1,1,original,@extrulesproject/switch-statement-check,applications_settings/product/phone/src/main/ets/model/accessibilityImpl/AccessibilitySettingModel.ets,applications_settings,2b5f9146ba664424f2987983e4dab7e92f436fef,32,101,yes,applications_settings/product/phone/src/test/AccessibilitySettingModel.test.ets;applications_settings/product/phone/src/test/List.test.ets;applications_settings/product/phone/src/test/accessibilityScreenTouch.test.ets;applications_settings/product/phone/src/test/ipsecVpnEdit.test.ets;applications_settings/product/phone/src/test/openVpnEdit.test.ets;applications_settings/product/phone/src/test/vpnLine.test.ets;applications_settings/product/phone/src/test/wifi.test.ets,local-test,phoneAllSuites,hvigorw --no-daemon test -p module=phone -p coverage=true -p scope=phoneAllSuites,passed,59,59,100.00,20,20,100.00,19,19,100.00,AccessibilitySettingModel.accessibilityConfigSetting;anonymous_0;anonymous_1;anonymous_2;anonymous_3;anonymous_4;anonymous_5;anonymous_6;anonymous_7;anonymous_8;anonymous_9;anonymous_10;anonymous_11;anonymous_12;anonymous_13;anonymous_14;anonymous_15;anonymous_16;anonymous_17,rerun passed: 23/23 tests,switch-statement_coverage.csv
2,1,original,@extrulesproject/switch-statement-check,applications_settings/product/phone/src/main/ets/pages/accessibilityScreenTouch.ets,applications_settings,2b5f9146ba664424f2987983e4dab7e92f436fef,273,305,yes,applications_settings/product/phone/src/test/AccessibilitySettingModel.test.ets;applications_settings/product/phone/src/test/List.test.ets;applications_settings/product/phone/src/test/accessibilityScreenTouch.test.ets;applications_settings/product/phone/src/test/ipsecVpnEdit.test.ets;applications_settings/product/phone/src/test/openVpnEdit.test.ets;applications_settings/product/phone/src/test/vpnLine.test.ets;applications_settings/product/phone/src/test/wifi.test.ets,local-test,phoneAllSuites,hvigorw --no-daemon test -p module=phone -p coverage=true -p scope=phoneAllSuites,passed,30,30,100.00,12,12,100.00,1,1,100.00,setNumberBecomeValue,rerun passed: 23/23 tests,switch-statement_coverage.csv
3,1,original,@extrulesproject/switch-statement-check,applications_settings/product/phone/src/main/ets/pages/vpn/ipsecVpnEdit.ets,applications_settings,2b5f9146ba664424f2987983e4dab7e92f436fef,246,259,yes,applications_settings/product/phone/src/test/AccessibilitySettingModel.test.ets;applications_settings/product/phone/src/test/List.test.ets;applications_settings/product/phone/src/test/accessibilityScreenTouch.test.ets;applications_settings/product/phone/src/test/ipsecVpnEdit.test.ets;applications_settings/product/phone/src/test/openVpnEdit.test.ets;applications_settings/product/phone/src/test/vpnLine.test.ets;applications_settings/product/phone/src/test/wifi.test.ets,local-test,phoneAllSuites,hvigorw --no-daemon test -p module=phone -p coverage=true -p scope=phoneAllSuites,passed,12,12,100.00,12,12,100.00,1,1,100.00,updateCaServerCertVisibility,rerun passed: 23/23 tests,switch-statement_coverage.csv
4,2,original,@extrulesproject/switch-statement-check,applications_settings/product/phone/src/main/ets/pages/vpn/ipsecVpnEdit.ets,applications_settings,2b5f9146ba664424f2987983e4dab7e92f436fef,193,206,yes,applications_settings/product/phone/src/test/AccessibilitySettingModel.test.ets;applications_settings/product/phone/src/test/List.test.ets;applications_settings/product/phone/src/test/accessibilityScreenTouch.test.ets;applications_settings/product/phone/src/test/ipsecVpnEdit.test.ets;applications_settings/product/phone/src/test/openVpnEdit.test.ets;applications_settings/product/phone/src/test/vpnLine.test.ets;applications_settings/product/phone/src/test/wifi.test.ets,local-test,phoneAllSuites,hvigorw --no-daemon test -p module=phone -p coverage=true -p scope=phoneAllSuites,passed,12,12,100.00,12,12,100.00,1,1,100.00,updateIpsecIdentifierVisibility,rerun passed: 23/23 tests,switch-statement_coverage.csv
5,1,original,@extrulesproject/switch-statement-check,applications_settings/product/phone/src/main/ets/pages/vpn/vpnLine.ets,applications_settings,2b5f9146ba664424f2987983e4dab7e92f436fef,117,142,yes,applications_settings/product/phone/src/test/AccessibilitySettingModel.test.ets;applications_settings/product/phone/src/test/List.test.ets;applications_settings/product/phone/src/test/accessibilityScreenTouch.test.ets;applications_settings/product/phone/src/test/ipsecVpnEdit.test.ets;applications_settings/product/phone/src/test/openVpnEdit.test.ets;applications_settings/product/phone/src/test/vpnLine.test.ets;applications_settings/product/phone/src/test/wifi.test.ets,local-test,phoneAllSuites,hvigorw --no-daemon test -p module=phone -p coverage=true -p scope=phoneAllSuites,passed,23,23,100.00,14,14,100.00,1,1,100.00,onConnectStateChange,rerun passed: 23/23 tests,switch-statement_coverage.csv
6,1,original,@extrulesproject/switch-statement-check,applications_photos/feature/editor/src/main/ets/default/view/CropStyleBar.ets,applications_photos,2136d479acb81ba9a2ba26e6221ec0afbd0e24c7,130,169,yes,applications_photos/feature/editor/src/test/CropStyleBar.test.ets;applications_photos/feature/editor/src/test/List.test.ets,local-test,CropStyleBarTest,hvigorw --no-daemon test -p module=photos_editor -p coverage=true -p scope=CropStyleBarTest,passed,29,29,100.00,20,20,100.00,1,1,100.00,onRotateClicked,Hypium local coverage patch applied; rerun passed: 3/3 tests,switch-statement_coverage.csv
7,1,original,@extrulesproject/switch-statement-check,agc-template-market-harmonyos-demos/FinanceTemplate/MoneyTrack/components/bill_data_processing/src/main/ets/utils/basedb/BaseDB.ets,agc-template-market-harmonyos-demos,55a58abb4cfca378cf880570caf7ea6596b3c135,276,324,yes,agc-template-market-harmonyos-demos/FinanceTemplate/MoneyTrack/components/bill_data_processing/src/test/BaseDB.test.ets;agc-template-market-harmonyos-demos/FinanceTemplate/MoneyTrack/components/bill_data_processing/src/test/List.test.ets;agc-template-market-harmonyos-demos/FinanceTemplate/MoneyTrack/components/bill_data_processing/src/test/LocalUnit.test.ets,local-test,bill_data_processingAllSuites,hvigorw --no-daemon test -p module=bill_data_processing -p coverage=true -p scope=bill_data_processingAllSuites,passed,46,46,100.00,26,26,100.00,2,2,100.00,BaseDB._buildPredicates;anonymous_1,rerun passed: 17/17 tests,switch-statement_coverage.csv
8,1,original,@extrulesproject/switch-statement-check,agc-template-market-harmonyos-demos/FinanceTemplate/MoneyTrack/components/bill_manage/src/main/ets/components/CustomKeyboard.ets,agc-template-market-harmonyos-demos,4388a85a0d794cc3ac76b2d49e4032a9966bad62,213,253,yes,agc-template-market-harmonyos-demos/FinanceTemplate/MoneyTrack/components/bill_manage/src/test/CustomKeyboard.test.ets;agc-template-market-harmonyos-demos/FinanceTemplate/MoneyTrack/components/bill_manage/src/test/List.test.ets;agc-template-market-harmonyos-demos/FinanceTemplate/MoneyTrack/components/bill_manage/src/test/LocalUnit.test.ets,local-test,bill_manageAllSuites,hvigorw --no-daemon test -p module=bill_manage -p coverage=true -p scope=bill_manageAllSuites,passed,35,35,100.00,24,23,95.83,1,1,100.00,handleClick,rerun passed: 11/11 tests,switch-statement_coverage.csv
9,1,original,@extrulesproject/switch-statement-check,agc-template-market-harmonyos-demos/BusinessTemplate/Notes/components/secretlock/src/main/ets/util/AuthUtil.ets,agc-template-market-harmonyos-demos,55a58abb4cfca378cf880570caf7ea6596b3c135,129,163,yes,agc-template-market-harmonyos-demos/BusinessTemplate/Notes/components/secretlock/src/test/AuthUtil.test.ets;agc-template-market-harmonyos-demos/BusinessTemplate/Notes/components/secretlock/src/test/List.test.ets,local-test,secretlockAllSuites,hvigorw --no-daemon test -p module=secretlock -p coverage=true -p scope=secretlockAllSuites,passed,33,33,100.00,30,30,100.00,1,1,100.00,AuthUtil.getErrorMsg,rerun passed: 4/4 tests,switch-statement_coverage.csv
10,1,original,@extrulesproject/switch-statement-check,agc-template-market-harmonyos-demos/CarsTemplate/DriverLicenseExam/commons/datasource/src/main/ets/ExamService.ets,agc-template-market-harmonyos-demos,8491a4b9ea2846ad2f29dc2c665b9a0cc079c303,290,350,yes,agc-template-market-harmonyos-demos/CarsTemplate/DriverLicenseExam/commons/datasource/src/test/ExamService.test.ets;agc-template-market-harmonyos-demos/CarsTemplate/DriverLicenseExam/commons/datasource/src/test/List.test.ets;agc-template-market-harmonyos-demos/CarsTemplate/DriverLicenseExam/commons/datasource/src/test/LocalUnit.test.ets,local-test,datasourceAllSuites,hvigorw --no-daemon test -p module=datasource -p coverage=true -p scope=datasourceAllSuites,passed,57,54,94.74,34,33,97.06,16,15,93.75,ExamService.getExamQuestionList;anonymous_25;anonymous_26;anonymous_27;anonymous_28;anonymous_29;anonymous_30;anonymous_31;anonymous_32;anonymous_33;anonymous_34;anonymous_35;anonymous_36;anonymous_37;anonymous_38;anonymous_39,rerun passed: 11/11 tests,switch-statement_coverage.csv
11,1,original,@extrulesproject/switch-statement-check,agc-template-market-harmonyos-demos/CarsTemplate/DriverLicenseExam/products/entry/src/main/ets/pages/specialExercises/SpecialExercisesView.ets,agc-template-market-harmonyos-demos,217329ee5331c096323a78a1dad5c32ff807269e,28,60,yes,agc-template-market-harmonyos-demos/CarsTemplate/DriverLicenseExam/products/entry/src/test/List.test.ets;agc-template-market-harmonyos-demos/CarsTemplate/DriverLicenseExam/products/entry/src/test/LocalUnit.test.ets;agc-template-market-harmonyos-demos/CarsTemplate/DriverLicenseExam/products/entry/src/test/SpecialExercisesView.test.ets,local-test,entryAllSuites,hvigorw --no-daemon test -p module=entry -p coverage=true -p scope=entryAllSuites,passed,27,27,100.00,14,14,100.00,3,3,100.00,setQuestionCount;anonymous_3;anonymous_4,rerun passed: 2/2 tests,switch-statement_coverage.csv
12,1,original,@extrulesproject/switch-statement-check,agc-template-market-harmonyos-demos/EducationTemplate/ArtTraining/Application/feature/mine/src/main/ets/utils/OrderUtil.ets,agc-template-market-harmonyos-demos,37fedd6f29f14a6dc6ec41252556d309ffcbd8db,61,99,yes,agc-template-market-harmonyos-demos/EducationTemplate/ArtTraining/Application/feature/mine/src/test/List.test.ets;agc-template-market-harmonyos-demos/EducationTemplate/ArtTraining/Application/feature/mine/src/test/OrderUtil.test.ets,local-test,OrderUtilTest,hvigorw --no-daemon test -p module=mine -p coverage=true -p scope=OrderUtilTest,passed,33,31,93.94,18,17,94.44,1,1,100.00,OrderUtil.handleOrderOperation,rerun passed: 8/8 local tests; all target metrics meet 90%,switch-statement_coverage.csv
13,1,original,@extrulesproject/switch-statement-check,agc-template-market-harmonyos-demos/FinanceTemplate/FinancialManagement/commons/commonlib/src/main/ets/utils/FormatUtil.ets,agc-template-market-harmonyos-demos,b516ad48c1532e8c313354b9b6cbfce530b0c457,120,150,yes,agc-template-market-harmonyos-demos/FinanceTemplate/FinancialManagement/commons/commonlib/src/test/FormatUtil.test.ets;agc-template-market-harmonyos-demos/FinanceTemplate/FinancialManagement/commons/commonlib/src/test/List.test.ets;agc-template-market-harmonyos-demos/FinanceTemplate/FinancialManagement/commons/commonlib/src/test/LocalUnit.test.ets,local-test,commonlibAllSuites,hvigorw --no-daemon test -p module=commonlib -p coverage=true -p scope=commonlibAllSuites,passed,27,27,100.00,24,24,100.00,1,1,100.00,FormatUtil.getTransactionStateTitle,rerun passed: 4/4 tests,switch-statement_coverage.csv
14,1,original,@extrulesproject/switch-statement-check,agc-template-market-harmonyos-demos/FoodAndDrinkTemplate/TeaDrinkOrders/commons/common/src/main/ets/mock/MockResponse.ets,agc-template-market-harmonyos-demos,9f6bd02dccf8ab5645ba00970b2184f14bbd017b,5,68,yes,agc-template-market-harmonyos-demos/FoodAndDrinkTemplate/TeaDrinkOrders/commons/common/src/test/List.test.ets;agc-template-market-harmonyos-demos/FoodAndDrinkTemplate/TeaDrinkOrders/commons/common/src/test/LocalUnit.test.ets;agc-template-market-harmonyos-demos/FoodAndDrinkTemplate/TeaDrinkOrders/commons/common/src/test/MockResponse.test.ets,local-test,commonAllSuites,hvigorw --no-daemon test -p module=common -p coverage=true -p scope=commonAllSuites,passed,62,58,93.55,58,54,93.10,1,1,100.00,getMockResponse,rerun passed: 7/7 tests,switch-statement_coverage.csv
15,1,original,@extrulesproject/switch-statement-check,agc-template-market-harmonyos-demos/HealthAndFitnessTemplate/FitnessCenter/common/external_interactions/src/main/ets/Service/MockService.ets,agc-template-market-harmonyos-demos,df8720db99075978371a5a00c82c4404aad09273,335,350,yes,agc-template-market-harmonyos-demos/HealthAndFitnessTemplate/FitnessCenter/common/external_interactions/src/test/List.test.ets;agc-template-market-harmonyos-demos/HealthAndFitnessTemplate/FitnessCenter/common/external_interactions/src/test/LocalUnit.test.ets;agc-template-market-harmonyos-demos/HealthAndFitnessTemplate/FitnessCenter/common/external_interactions/src/test/MockService.test.ets,local-test,external_interactionsAllSuites,hvigorw --no-daemon test -p module=external_interactions -p coverage=true -p scope=external_interactionsAllSuites,passed,14,14,100.00,12,12,100.00,1,1,100.00,MockService.getBookStateString,rerun passed: 3/3 tests,switch-statement_coverage.csv
16,1,original,@extrulesproject/switch-statement-check,agc-template-market-harmonyos-demos/LifestyleAndServiceTemplate/HouseholdService/commons/lib_foundation/src/main/ets/http/HttpMockMap.ets,agc-template-market-harmonyos-demos,cb41eed7ca7ca350c4fab8c8884aa1bb7f698235,24,60,yes,agc-template-market-harmonyos-demos/LifestyleAndServiceTemplate/HouseholdService/commons/lib_foundation/src/test/HttpMockMap.test.ets;agc-template-market-harmonyos-demos/LifestyleAndServiceTemplate/HouseholdService/commons/lib_foundation/src/test/List.test.ets;agc-template-market-harmonyos-demos/LifestyleAndServiceTemplate/HouseholdService/commons/lib_foundation/src/test/LocalUnit.test.ets,local-test,lib_foundationAllSuites,hvigorw --no-daemon test -p module=lib_foundation -p coverage=true -p scope=lib_foundationAllSuites,passed,35,35,100.00,32,32,100.00,1,1,100.00,anonymous_0,rerun passed: 3/3 tests,switch-statement_coverage.csv
17,1,original,@extrulesproject/switch-statement-check,agc-template-market-harmonyos-demos/LifestyleAndServiceTemplate/LifeBeauty/commons/utils/src/main/ets/http/AxiosBase.ets,agc-template-market-harmonyos-demos,366bef4f9bddb95ebc4abb3999af1aeee0ab7aea,53,99,yes,agc-template-market-harmonyos-demos/LifestyleAndServiceTemplate/LifeBeauty/commons/utils/src/test/AxiosBase.test.ets;agc-template-market-harmonyos-demos/LifestyleAndServiceTemplate/LifeBeauty/commons/utils/src/test/List.test.ets;agc-template-market-harmonyos-demos/LifestyleAndServiceTemplate/LifeBeauty/commons/utils/src/test/LocalUnit.test.ets,local-test,utilsAllSuites,hvigorw --no-daemon test -p module=utils -p coverage=true -p scope=utilsAllSuites,passed,45,45,100.00,42,42,100.00,1,1,100.00,anonymous_7,rerun passed: 6/6 tests,switch-statement_coverage.csv
18,1,original,@extrulesproject/switch-statement-check,agc-template-market-harmonyos-demos/LifestyleAndServiceTemplate/Parking/commons/componentLib/src/main/ets/components/CommonKeyboard.ets,agc-template-market-harmonyos-demos,267b7149e3146d0579a4041aee76f9ed2f01581c,89,107,yes,agc-template-market-harmonyos-demos/LifestyleAndServiceTemplate/Parking/commons/componentLib/src/test/CommonKeyboard.test.ets;agc-template-market-harmonyos-demos/LifestyleAndServiceTemplate/Parking/commons/componentLib/src/test/List.test.ets;agc-template-market-harmonyos-demos/LifestyleAndServiceTemplate/Parking/commons/componentLib/src/test/LocalUnit.test.ets,local-test,componentLibAllSuites,hvigorw --no-daemon test -p module=componentLib -p coverage=true -p scope=componentLibAllSuites,passed,17,17,100.00,16,16,100.00,1,1,100.00,intDisableKey,rerun passed: 5/5 tests,switch-statement_coverage.csv
19,1,original,@extrulesproject/switch-statement-check,agc-template-market-harmonyos-demos/LifestyleAndServiceTemplate/ShoppingMall/commons/lib_common/src/main/ets/httprequest/AxiosHttp.ets,agc-template-market-harmonyos-demos,428d050edf09fed0550eafcc3c37eaaf700ea929,103,140,yes,agc-template-market-harmonyos-demos/LifestyleAndServiceTemplate/ShoppingMall/commons/lib_common/src/test/AxiosHttp.test.ets;agc-template-market-harmonyos-demos/LifestyleAndServiceTemplate/ShoppingMall/commons/lib_common/src/test/List.test.ets;agc-template-market-harmonyos-demos/LifestyleAndServiceTemplate/ShoppingMall/commons/lib_common/src/test/LocalUnit.test.ets,local-test,lib_commonAllSuites,hvigorw --no-daemon test -p module=lib_common -p coverage=true -p scope=lib_commonAllSuites,passed,36,36,100.00,32,32,100.00,1,1,100.00,getMockResponse,rerun passed: 6/6 tests,switch-statement_coverage.csv
20,1,original,@extrulesproject/switch-statement-check,agc-template-market-harmonyos-demos/LifestyleAndServiceTemplate/ShoppingMall/components/module_keyboard/src/main/ets/components/UILicensePlate.ets,agc-template-market-harmonyos-demos,538952eb404d1ce9aac8dc9f4c3be2e99a65ffc5,460,478,yes,agc-template-market-harmonyos-demos/LifestyleAndServiceTemplate/ShoppingMall/components/module_keyboard/src/test/List.test.ets;agc-template-market-harmonyos-demos/LifestyleAndServiceTemplate/ShoppingMall/components/module_keyboard/src/test/LocalUnit.test.ets;agc-template-market-harmonyos-demos/LifestyleAndServiceTemplate/ShoppingMall/components/module_keyboard/src/test/UILicensePlate.test.ets,local-test,module_keyboardAllSuites,hvigorw --no-daemon test -p module=module_keyboard -p coverage=true -p scope=module_keyboardAllSuites,passed,17,17,100.00,16,16,100.00,1,1,100.00,intDisableKey,rerun passed: 4/4 tests,switch-statement_coverage.csv
21,1,original,@extrulesproject/switch-statement-check,agc-template-market-harmonyos-demos/MovieTVAndLivestreamingTemplate/WebShortDrama/components/video_swiper/src/main/ets/view/VideoPlayView.ets,agc-template-market-harmonyos-demos,37fedd6f29f14a6dc6ec41252556d309ffcbd8db,276,344,yes,agc-template-market-harmonyos-demos/MovieTVAndLivestreamingTemplate/WebShortDrama/components/video_swiper/src/test/List.test.ets;agc-template-market-harmonyos-demos/MovieTVAndLivestreamingTemplate/WebShortDrama/components/video_swiper/src/test/VideoPlayView.test.ets,local-test,VideoPlayViewTest,hvigorw --no-daemon test -p module=video_swiper -p coverage=true -p scope=VideoPlayViewTest,passed,60,60,100.00,26,26,100.00,3,3,100.00,setAVPlayerStateListen;anonymous_42;anonymous_43,rerun passed: 7/7 local tests; all target metrics meet 90%,switch-statement_coverage.csv
22,1,original,@extrulesproject/switch-statement-check,agc-template-market-harmonyos-demos/NavigationTemplate/Metro/features/Home/src/main/ets/functions/HomeFunctions.ets,agc-template-market-harmonyos-demos,4d0dddea65a6c2deab7e4c138abc02ae1187c08f,15,35,yes,agc-template-market-harmonyos-demos/NavigationTemplate/Metro/features/Home/src/test/List.test.ets;agc-template-market-harmonyos-demos/NavigationTemplate/Metro/features/Home/src/test/HomeFunctions.test.ets,local-test,HomeFunctionsTest,hvigorw --no-daemon test -p module=Home -p coverage=true -p scope=HomeFunctionsTest,passed,19,19,100.00,16,16,100.00,1,1,100.00,getColor,rerun passed: 12/12 local tests,switch-statement_coverage.csv
23,1,original,@extrulesproject/switch-statement-check,agc-template-market-harmonyos-demos/NewsTemplate/News/commons/network/src/main/ets/mock/MockResponse.ets,agc-template-market-harmonyos-demos,9ff98885c9081e9d92be411ad76d9e9de48c9cb5,5,64,yes,agc-template-market-harmonyos-demos/NewsTemplate/News/commons/network/src/test/List.test.ets;agc-template-market-harmonyos-demos/NewsTemplate/News/commons/network/src/test/MockResponse.test.ets,local-test,MockResponseTest,hvigorw --no-daemon test -p module=network -p coverage=true -p scope=MockResponseTest,passed,58,58,100.00,54,54,100.00,1,1,100.00,getMockResponse,rerun passed: 30/30 local tests,switch-statement_coverage.csv
24,1,original,@extrulesproject/switch-statement-check,agc-template-market-harmonyos-demos/NewsTemplate/News/features/mine/src/main/ets/utils/SetFontSizeUtil.ets,agc-template-market-harmonyos-demos,8149d522ce87c15a0df9226e95cf51cc1dae04e1,4,26,yes,agc-template-market-harmonyos-demos/NewsTemplate/News/features/mine/src/test/List.test.ets;agc-template-market-harmonyos-demos/NewsTemplate/News/features/mine/src/test/SetFontSizeUtil.test.ets,local-test,SetFontSizeUtilTest,hvigorw --no-daemon test -p module=mine -p coverage=true -p scope=SetFontSizeUtilTest,passed,21,21,100.00,12,12,100.00,1,1,100.00,SetFontSizeUtil.getTextByFontSize,rerun passed: 9/9 local tests,switch-statement_coverage.csv
