record_index,message_index,fragment_role,rule,source_file,range_start,range_end,has_test_case,test_files,test_kind,test_suite,test_command,test_run_status,line_total_in_range,line_covered_in_range,line_coverage_pct,branch_side_total_in_range,branch_side_covered_in_range,branch_coverage_pct,function_total_overlapping_range,function_covered_overlapping_range,function_coverage_pct,overlapping_coverage_functions,note,_source_csv
1,1,original,@extrulesproject/code-clone-fragment-check,agc-template-market-harmonyos-demos/BooksAndReferenceTemplate/BookRead/feature/book_person/src/main/ets/views/AboutPage.ets,71,124,yes,agc-template-market-harmonyos-demos/BooksAndReferenceTemplate/BookRead/feature/book_person/src/ohosTest/ets/test/MemberCenterPage.test.ets;agc-template-market-harmonyos-demos/BooksAndReferenceTemplate/BookRead/feature/book_person/src/ohosTest/ets/test/FeedbackPage.test.ets;agc-template-market-harmonyos-demos/BooksAndReferenceTemplate/BookRead/feature/book_person/src/ohosTest/ets/test/List.test.ets;agc-template-market-harmonyos-demos/BooksAndReferenceTemplate/BookRead/feature/book_person/src/ohosTest/ets/test/LoginPage.test.ets;agc-template-market-harmonyos-demos/BooksAndReferenceTemplate/BookRead/feature/book_person/src/ohosTest/ets/test/Ability.test.ets;agc-template-market-harmonyos-demos/BooksAndReferenceTemplate/BookRead/feature/book_person/src/ohosTest/ets/test/RechargePage.test.ets;agc-template-market-harmonyos-demos/BooksAndReferenceTemplate/BookRead/feature/book_person/src/ohosTest/ets/test/AboutPage.test.ets;agc-template-market-harmonyos-demos/BooksAndReferenceTemplate/BookRead/feature/book_person/src/ohosTest/ets/test/MemberAgreementPage.test.ets;agc-template-market-harmonyos-demos/BooksAndReferenceTemplate/BookRead/feature/book_person/src/ohosTest/ets/test/MyInfoCard.test.ets,instrument-test,book_personAllSuites,hvigorw.js --no-daemon ohosTest -p module=book_person -p coverage=true,passed,47,47,100.00,0,0,N/A,10,10,100.00,aboutCardView;anonymous_10;anonymous_11;anonymous_12;anonymous_13;anonymous_14;anonymous_15;anonymous_16;anonymous_17;anonymous_18,rerun passed: 10/10 tests,code-clone_coverage.csv
1,1,original,@extrulesproject/code-clone-fragment-check,agc-template-market-harmonyos-demos/KidsTemplate/PostpartumCareCenter/scenes/activities/src/main/ets/view/ActivityBooking.ets,70,88,yes,agc-template-market-harmonyos-demos/KidsTemplate/PostpartumCareCenter/scenes/activities/src/ohosTest/ets/test/List.test.ets;agc-template-market-harmonyos-demos/KidsTemplate/PostpartumCareCenter/scenes/activities/src/ohosTest/ets/test/ActivityBooking.test.ets,instrument-test,ActivityBookingUiTest,hvigorw onDeviceTest -p module=activities -p coverage=true -p scope=ActivityBookingUiTest,passed,16,16,100.00,0,0,N/A,4,4,100.00,initialRender;anonymous_5;anonymous_8;anonymous_12,rerun passed: 1/1 tests,code-clone_coverage.csv
1,1,original,@extrulesproject/code-clone-fragment-check,agc-template-market-harmonyos-demos/PhotographyTemplate/ImageProcessing/scenes/picture_beautification/src/main/ets/pages/PictureBeautification.ets,443,475,yes,agc-template-market-harmonyos-demos/PhotographyTemplate/ImageProcessing/scenes/picture_beautification/src/ohosTest/ets/test/List.test.ets;agc-template-market-harmonyos-demos/PhotographyTemplate/ImageProcessing/scenes/picture_beautification/src/ohosTest/ets/test/PictureBeautification.test.ets,instrument-test,PictureBeautificationTest,hvigorw.js --no-daemon test -p module=picture_beautification -p coverage=true -p scope=PictureBeautificationTest,passed,25,24,96.00,18,17,94.44,1,1,100.00,moveClipCanvasFreeType,rerun passed: 20/20 tests,code-clone_coverage.csv
1,1,original,@extrulesproject/code-clone-fragment-check,agc-template-market-harmonyos-demos/CarsTemplate/DriverLicenseExam/products/entry/src/main/ets/pages/mine/PersonalSetting.ets,71,91,yes,agc-template-market-harmonyos-demos/CarsTemplate/DriverLicenseExam/products/entry/src/ohosTest/ets/test/List.test.ets;agc-template-market-harmonyos-demos/CarsTemplate/DriverLicenseExam/products/entry/src/ohosTest/ets/test/PersonalSetting.test.ets,instrument-test,PersonalSettingTest,hvigorw.js --no-daemon onDeviceTest -p module=entry -p coverage=true -p scope=PersonalSettingTest,passed_previous_run,18,16,88.89,0,0,N/A,9,8,88.89,initialRender;anonymous_11;anonymous_13;anonymous_14;anonymous_15;anonymous_16;anonymous_17;anonymous_18;anonymous_19,not rerun in this request; retained from previous successful rerun,code-clone_coverage.csv
1,1,original,@extrulesproject/code-clone-fragment-check,agc-template-market-harmonyos-demos/FinanceTemplate/FinancialManagement/scenes/tab/mine/src/main/ets/pages/EditNamePage.ets,18,70,yes,src/ohosTest/ets/test/EditNamePage.test.ets;src/ohosTest/ets/test/EditPhonePage.test.ets;src/ohosTest/ets/test/EditNamePageVM.test.ets;src/ohosTest/ets/test/EditPhonePageVM.test.ets;src/ohosTest/ets/test/EditPagesRender.test.ets,instrument-test,EditNamePageTest;EditPhonePageTest;EditNamePageVMTest;EditPhonePageVMTest;EditPagesRenderTest,DEVECO_SDK_HOME=/Applications/DevEco-Studio.app/Contents/sdk NODE_HOME=/Applications/DevEco-Studio.app/Contents/tools/node /Applications/DevEco-Studio.app/Contents/tools/node/bin/node /Applications/DevEco-Studio.app/Contents/tools/hvigor/bin/hvigorw.js --no-daemon onDeviceTest -p module=mine@ohosTest -p coverage=true,passed,38,36,94.74,2,2,100.00,11,10,90.91,initialRender;anonymous_3;anonymous_5;anonymous_6;anonymous_7;anonymous_8;anonymous_9;anonymous_10;anonymous_11;anonymous_13;anonymous_14,rerun passed: 40/40 tests,code-clone_coverage.csv
1,1,similar,@extrulesproject/code-clone-fragment-check,agc-template-market-harmonyos-demos/BooksAndReferenceTemplate/BookRead/feature/book_person/src/main/ets/views/AboutPage.ets,128,185,yes,agc-template-market-harmonyos-demos/BooksAndReferenceTemplate/BookRead/feature/book_person/src/ohosTest/ets/test/MemberCenterPage.test.ets;agc-template-market-harmonyos-demos/BooksAndReferenceTemplate/BookRead/feature/book_person/src/ohosTest/ets/test/FeedbackPage.test.ets;agc-template-market-harmonyos-demos/BooksAndReferenceTemplate/BookRead/feature/book_person/src/ohosTest/ets/test/List.test.ets;agc-template-market-harmonyos-demos/BooksAndReferenceTemplate/BookRead/feature/book_person/src/ohosTest/ets/test/LoginPage.test.ets;agc-template-market-harmonyos-demos/BooksAndReferenceTemplate/BookRead/feature/book_person/src/ohosTest/ets/test/Ability.test.ets;agc-template-market-harmonyos-demos/BooksAndReferenceTemplate/BookRead/feature/book_person/src/ohosTest/ets/test/RechargePage.test.ets;agc-template-market-harmonyos-demos/BooksAndReferenceTemplate/BookRead/feature/book_person/src/ohosTest/ets/test/AboutPage.test.ets;agc-template-market-harmonyos-demos/BooksAndReferenceTemplate/BookRead/feature/book_person/src/ohosTest/ets/test/MemberAgreementPage.test.ets;agc-template-market-harmonyos-demos/BooksAndReferenceTemplate/BookRead/feature/book_person/src/ohosTest/ets/test/MyInfoCard.test.ets,instrument-test,book_personAllSuites,hvigorw.js --no-daemon ohosTest -p module=book_person -p coverage=true,passed,48,48,100.00,0,0,N/A,11,11,100.00,aboutCardView;anonymous_10;anonymous_20;anonymous_21;anonymous_22;anonymous_23;anonymous_24;anonymous_25;anonymous_26;anonymous_27;anonymous_28,rerun passed: 10/10 tests,code-clone_coverage.csv
1,1,similar,@extrulesproject/code-clone-fragment-check,agc-template-market-harmonyos-demos/KidsTemplate/PostpartumCareCenter/scenes/activities/src/main/ets/view/ActivityBooking.ets,118,136,yes,agc-template-market-harmonyos-demos/KidsTemplate/PostpartumCareCenter/scenes/activities/src/ohosTest/ets/test/List.test.ets;agc-template-market-harmonyos-demos/KidsTemplate/PostpartumCareCenter/scenes/activities/src/ohosTest/ets/test/ActivityBooking.test.ets,instrument-test,ActivityBookingUiTest,hvigorw onDeviceTest -p module=activities -p coverage=true -p scope=ActivityBookingUiTest,passed,15,15,100.00,0,0,N/A,5,5,100.00,initialRender;anonymous_5;anonymous_8;anonymous_15;anonymous_18,rerun passed: 1/1 tests,code-clone_coverage.csv
1,1,similar,@extrulesproject/code-clone-fragment-check,agc-template-market-harmonyos-demos/PhotographyTemplate/ImageProcessing/scenes/picture_beautification/src/main/ets/pages/PictureBeautification.ets,557,588,yes,agc-template-market-harmonyos-demos/PhotographyTemplate/ImageProcessing/scenes/picture_beautification/src/ohosTest/ets/test/List.test.ets;agc-template-market-harmonyos-demos/PhotographyTemplate/ImageProcessing/scenes/picture_beautification/src/ohosTest/ets/test/PictureBeautification.test.ets,instrument-test,PictureBeautificationTest,hvigorw.js --no-daemon test -p module=picture_beautification -p coverage=true -p scope=PictureBeautificationTest,passed,21,20,95.24,14,12,85.71,1,1,100.00,moveClipCanvasRatioType,rerun passed: 20/20 tests,code-clone_coverage.csv
1,1,similar,@extrulesproject/code-clone-fragment-check,agc-template-market-harmonyos-demos/CarsTemplate/DriverLicenseExam/products/entry/src/main/ets/pages/mine/PersonalSetting.ets,93,113,yes,agc-template-market-harmonyos-demos/CarsTemplate/DriverLicenseExam/products/entry/src/ohosTest/ets/test/List.test.ets;agc-template-market-harmonyos-demos/CarsTemplate/DriverLicenseExam/products/entry/src/ohosTest/ets/test/PersonalSetting.test.ets,instrument-test,PersonalSettingTest,hvigorw.js --no-daemon onDeviceTest -p module=entry -p coverage=true -p scope=PersonalSettingTest,passed_previous_run,17,15,88.24,0,0,N/A,10,9,90.00,initialRender;anonymous_11;anonymous_13;anonymous_14;anonymous_15;anonymous_20;anonymous_21;anonymous_22;anonymous_23;anonymous_24,not rerun in this request; retained from previous successful rerun,code-clone_coverage.csv
1,1,similar,@extrulesproject/code-clone-fragment-check,agc-template-market-harmonyos-demos/FinanceTemplate/FinancialManagement/scenes/tab/mine/src/main/ets/pages/EditPhonePage.ets,18,70,yes,src/ohosTest/ets/test/EditNamePage.test.ets;src/ohosTest/ets/test/EditPhonePage.test.ets;src/ohosTest/ets/test/EditNamePageVM.test.ets;src/ohosTest/ets/test/EditPhonePageVM.test.ets;src/ohosTest/ets/test/EditPagesRender.test.ets,instrument-test,EditNamePageTest;EditPhonePageTest;EditNamePageVMTest;EditPhonePageVMTest;EditPagesRenderTest,DEVECO_SDK_HOME=/Applications/DevEco-Studio.app/Contents/sdk NODE_HOME=/Applications/DevEco-Studio.app/Contents/tools/node /Applications/DevEco-Studio.app/Contents/tools/node/bin/node /Applications/DevEco-Studio.app/Contents/tools/hvigor/bin/hvigorw.js --no-daemon onDeviceTest -p module=mine@ohosTest -p coverage=true,passed,38,36,94.74,2,2,100.00,11,10,90.91,initialRender;anonymous_3;anonymous_5;anonymous_6;anonymous_7;anonymous_8;anonymous_9;anonymous_10;anonymous_11;anonymous_13;anonymous_14,rerun passed: 40/40 tests,code-clone_coverage.csv
2,1,original,@extrulesproject/code-clone-fragment-check,agc-template-market-harmonyos-demos/BusinessTemplate/OfficeAttendance/scenes/schedule/src/main/ets/schedule/components/ScheduleForm.ets,412,428,yes,agc-template-market-harmonyos-demos/BusinessTemplate/OfficeAttendance/scenes/schedule/src/ohosTest/ets/test/ScheduleForm.test.ets;agc-template-market-harmonyos-demos/BusinessTemplate/OfficeAttendance/scenes/schedule/src/ohosTest/ets/test/List.test.ets;agc-template-market-harmonyos-demos/BusinessTemplate/OfficeAttendance/scenes/schedule/src/ohosTest/ets/test/Ability.test.ets,instrument-test,scheduleAllSuites,hvigorw.js --no-daemon ohosTest -p module=schedule -p coverage=true,passed,17,15,88.24,0,0,N/A,10,9,90.00,initialRender;anonymous_29;anonymous_31;anonymous_60;anonymous_69;anonymous_70;anonymous_74;anonymous_75;anonymous_76;anonymous_77,rerun passed: 1/2 tests,code-clone_coverage.csv
2,1,original,@extrulesproject/code-clone-fragment-check,agc-template-market-harmonyos-demos/LifestyleAndServiceTemplate/AdministrativeAffairs/Application/commons/components/src/main/ets/components/AboutUs.ets,42,57,yes,agc-template-market-harmonyos-demos/LifestyleAndServiceTemplate/AdministrativeAffairs/Application/commons/components/src/ohosTest/ets/test/List.test.ets;agc-template-market-harmonyos-demos/LifestyleAndServiceTemplate/AdministrativeAffairs/Application/commons/components/src/ohosTest/ets/test/AboutUsPage.test.ets,instrument-test,AboutUsPageTest,hvigorw onDeviceTest -p module=components -p coverage=true -p scope=AboutUsPageTest,passed,13,13,100.00,0,0,N/A,9,9,100.00,initialRender;anonymous_3;anonymous_5;anonymous_6;anonymous_11;anonymous_12;anonymous_16;anonymous_19;anonymous_20,rerun passed: 3/3 tests,code-clone_coverage.csv
2,1,original,@extrulesproject/code-clone-fragment-check,agc-template-market-harmonyos-demos/EducationTemplate/Exam/components/login_info/src/main/ets/components/QuickLogin.ets,311,370,yes,agc-template-market-harmonyos-demos/EducationTemplate/Exam/components/login_info/src/ohosTest/ets/test/List.test.ets;agc-template-market-harmonyos-demos/EducationTemplate/Exam/components/login_info/src/ohosTest/ets/test/QuickLogin.test.ets,instrument-test,QuickLoginCoverTest,hvigorw.js --no-daemon onDeviceTest -p module=login_info -p coverage=true -p scope=QuickLoginCoverTest,passed,46,32,69.57,12,3,25.00,20,18,90.00,CoverLogin;anonymous_27;anonymous_28;anonymous_29;anonymous_36;anonymous_40;anonymous_41;anonymous_42;anonymous_43;anonymous_44;anonymous_45;anonymous_46;anonymous_47;anonymous_48;anonymous_49;anonymous_50;anonymous_51;anonymous_52;anonymous_53;anonymous_55,,code-clone_coverage.csv
2,1,original,@extrulesproject/code-clone-fragment-check,agc-template-market-harmonyos-demos/FinanceTemplate/FinancialManagement/scenes/tab/mine/src/main/ets/viewModels/EditNamePageVM.ets,6,40,yes,src/ohosTest/ets/test/EditNamePage.test.ets;src/ohosTest/ets/test/EditPhonePage.test.ets;src/ohosTest/ets/test/EditNamePageVM.test.ets;src/ohosTest/ets/test/EditPhonePageVM.test.ets;src/ohosTest/ets/test/EditPagesRender.test.ets,instrument-test,EditNamePageTest;EditPhonePageTest;EditNamePageVMTest;EditPhonePageVMTest;EditPagesRenderTest,DEVECO_SDK_HOME=/Applications/DevEco-Studio.app/Contents/sdk NODE_HOME=/Applications/DevEco-Studio.app/Contents/tools/node /Applications/DevEco-Studio.app/Contents/tools/node/bin/node /Applications/DevEco-Studio.app/Contents/tools/hvigor/bin/hvigorw.js --no-daemon onDeviceTest -p module=mine@ohosTest -p coverage=true,passed,17,17,100.00,8,8,100.00,4,4,100.00,EditNamePageVM.instance;EditNamePageVM.init;EditNamePageVM.clear;EditNamePageVM.modify,rerun passed: 40/40 tests,code-clone_coverage.csv
2,1,similar,@extrulesproject/code-clone-fragment-check,agc-template-market-harmonyos-demos/BusinessTemplate/OfficeAttendance/scenes/schedule/src/main/ets/schedule/components/ScheduleForm.ets,474,490,yes,agc-template-market-harmonyos-demos/BusinessTemplate/OfficeAttendance/scenes/schedule/src/ohosTest/ets/test/ScheduleForm.test.ets;agc-template-market-harmonyos-demos/BusinessTemplate/OfficeAttendance/scenes/schedule/src/ohosTest/ets/test/List.test.ets;agc-template-market-harmonyos-demos/BusinessTemplate/OfficeAttendance/scenes/schedule/src/ohosTest/ets/test/Ability.test.ets,instrument-test,scheduleAllSuites,hvigorw.js --no-daemon ohosTest -p module=schedule -p coverage=true,passed,16,15,93.75,0,0,N/A,9,8,88.89,initialRender;anonymous_29;anonymous_31;anonymous_60;anonymous_79;anonymous_80;anonymous_84;anonymous_85;anonymous_86,rerun passed: 1/2 tests,code-clone_coverage.csv
2,1,similar,@extrulesproject/code-clone-fragment-check,agc-template-market-harmonyos-demos/LifestyleAndServiceTemplate/AdministrativeAffairs/Application/commons/components/src/main/ets/components/AboutUs.ets,63,78,yes,agc-template-market-harmonyos-demos/LifestyleAndServiceTemplate/AdministrativeAffairs/Application/commons/components/src/ohosTest/ets/test/List.test.ets;agc-template-market-harmonyos-demos/LifestyleAndServiceTemplate/AdministrativeAffairs/Application/commons/components/src/ohosTest/ets/test/AboutUsPage.test.ets,instrument-test,AboutUsPageTest,hvigorw onDeviceTest -p module=components -p coverage=true -p scope=AboutUsPageTest,passed,13,13,100.00,0,0,N/A,10,10,100.00,initialRender;anonymous_3;anonymous_5;anonymous_6;anonymous_11;anonymous_12;anonymous_24;anonymous_26;anonymous_27;anonymous_28,rerun passed: 3/3 tests,code-clone_coverage.csv
2,1,similar,@extrulesproject/code-clone-fragment-check,agc-template-market-harmonyos-demos/EducationTemplate/Exam/components/login_info/src/main/ets/components/QuickLogin.ets,453,510,yes,agc-template-market-harmonyos-demos/EducationTemplate/Exam/components/login_info/src/ohosTest/ets/test/List.test.ets;agc-template-market-harmonyos-demos/EducationTemplate/Exam/components/login_info/src/ohosTest/ets/test/QuickLogin.test.ets,instrument-test,QuickLoginCoverTest,hvigorw.js --no-daemon onDeviceTest -p module=login_info -p coverage=true -p scope=QuickLoginCoverTest,passed,43,0,0.00,12,0,0.00,20,0,0.00,DefaultLogin;anonymous_56;anonymous_57;anonymous_67;anonymous_68;anonymous_70;anonymous_71;anonymous_72;anonymous_73;anonymous_74;anonymous_75;anonymous_76;anonymous_77;anonymous_78;anonymous_79;anonymous_80;anonymous_81;anonymous_82;anonymous_83;anonymous_85,,code-clone_coverage.csv
2,1,similar,@extrulesproject/code-clone-fragment-check,agc-template-market-harmonyos-demos/FinanceTemplate/FinancialManagement/scenes/tab/mine/src/main/ets/viewModels/EditPhonePageVM.ets,6,40,yes,src/ohosTest/ets/test/EditNamePage.test.ets;src/ohosTest/ets/test/EditPhonePage.test.ets;src/ohosTest/ets/test/EditNamePageVM.test.ets;src/ohosTest/ets/test/EditPhonePageVM.test.ets;src/ohosTest/ets/test/EditPagesRender.test.ets,instrument-test,EditNamePageTest;EditPhonePageTest;EditNamePageVMTest;EditPhonePageVMTest;EditPagesRenderTest,DEVECO_SDK_HOME=/Applications/DevEco-Studio.app/Contents/sdk NODE_HOME=/Applications/DevEco-Studio.app/Contents/tools/node /Applications/DevEco-Studio.app/Contents/tools/node/bin/node /Applications/DevEco-Studio.app/Contents/tools/hvigor/bin/hvigorw.js --no-daemon onDeviceTest -p module=mine@ohosTest -p coverage=true,passed,17,17,100.00,8,8,100.00,4,4,100.00,EditPhonePageVM.instance;EditPhonePageVM.init;EditPhonePageVM.clear;EditPhonePageVM.modify,rerun passed: 40/40 tests,code-clone_coverage.csv
3,1,original,@extrulesproject/code-clone-fragment-check,agc-template-market-harmonyos-demos/BusinessTemplate/OfficeAttendance/scenes/agency/src/main/ets/mock/DataManager.ets,13,33,yes,agc-template-market-harmonyos-demos/BusinessTemplate/OfficeAttendance/scenes/agency/src/ohosTest/ets/test/DataManager.test.ets;agc-template-market-harmonyos-demos/BusinessTemplate/OfficeAttendance/scenes/agency/src/ohosTest/ets/test/Ability.test.ets;agc-template-market-harmonyos-demos/BusinessTemplate/OfficeAttendance/scenes/agency/src/ohosTest/ets/test/List.test.ets,instrument-test,DataManagerTest+ActsAbilityTest,hvigorw.js --no-daemon ohosTest -p module=agency -p coverage=true,passed,15,15,100.00,4,4,100.00,3,3,100.00,DataManager.getId;DataManager.saveTodo;anonymous_0,rerun passed: 5/5 tests,code-clone_coverage.csv
3,1,original,@extrulesproject/code-clone-fragment-check,agc-template-market-harmonyos-demos/LifestyleAndServiceTemplate/ShoppingMall/components/module_points/src/main/ets/components/SubmitPointConfirm.ets,15,36,yes,agc-template-market-harmonyos-demos/LifestyleAndServiceTemplate/ShoppingMall/components/module_points/src/ohosTest/ets/test/List.test.ets;agc-template-market-harmonyos-demos/LifestyleAndServiceTemplate/ShoppingMall/components/module_points/src/ohosTest/ets/test/SubmitPointConfirm.test.ets,instrument-test,SubmitPointConfirmTest,hvigorw onDeviceTest -p module=module_points -p coverage=true -p scope=SubmitPointConfirmTest,passed,18,18,100.00,0,0,N/A,9,9,100.00,scanPointConfirmBuilder;anonymous_4;anonymous_5;anonymous_7;anonymous_8;anonymous_9;anonymous_10;anonymous_11;anonymous_12,rerun passed: 3/3 tests,code-clone_coverage.csv
3,1,original,@extrulesproject/code-clone-fragment-check,agc-template-market-harmonyos-demos/EntertainmentTemplate/MuseumTicket/features/home/src/main/ets/component/RecommendBar.ets,3,53,yes,agc-template-market-harmonyos-demos/EntertainmentTemplate/MuseumTicket/features/home/src/ohosTest/ets/test/List.test.ets;agc-template-market-harmonyos-demos/EntertainmentTemplate/MuseumTicket/features/home/src/ohosTest/ets/test/RecommendBar.test.ets,instrument-test,RecommendBarTest,DEVECO_SDK_HOME=/Applications/DevEco-Studio.app/Contents/sdk NODE_HOME=/Applications/DevEco-Studio.app/Contents/tools/node /Applications/DevEco-Studio.app/Contents/tools/node/bin/node /Applications/DevEco-Studio.app/Contents/tools/hvigor/bin/hvigorw.js --no-daemon onDeviceTest -p module=home@ohosTest -p coverage=true -p scope=RecommendBarTest,passed,41,41,100.00,0,0,N/A,15,15,100.00,initialRender;anonymous_1;anonymous_2;anonymous_3;anonymous_4;anonymous_5;anonymous_7;anonymous_8;anonymous_9;anonymous_10;anonymous_11;anonymous_12;anonymous_13;anonymous_14;anonymous_15,"hvigor printed getInitCoverageData failed, but test_result.txt passed and coverageReport.json was emitted",code-clone_coverage.csv
3,1,original,@extrulesproject/code-clone-fragment-check,agc-template-market-harmonyos-demos/EducationTemplate/Exam/features/homePage/src/main/ets/model/PracticeMode.ets,19,139,yes,agc-template-market-harmonyos-demos/EducationTemplate/Exam/features/homePage/src/ohosTest/ets/test/List.test.ets;agc-template-market-harmonyos-demos/EducationTemplate/Exam/features/homePage/src/ohosTest/ets/test/PracticeMode.test.ets,instrument-test,PracticeModeInstrumentTest,"hvigorw.js --no-daemon onDeviceTest -p module=homePage -p coverage=true -p scope=PracticeModeInstrumentTest,AuthenticationPageInstrumentTest",passed,33,33,100.00,4,3,75.00,16,16,100.00,PracticeView.constructor;PracticeDataSource.constructor;PracticeDataSource.getData;PracticeDataSource.totalCount;PracticeDataSource.registerDataChangeListener;PracticeDataSource.unregisterDataChangeListener;PracticeDataSource.notifyDataReload;anonymous_0;PracticeDataSource.notifyDataAdd;anonymous_1;PracticeDataSource.notifyDataChange;anonymous_2;PracticeDataSource.notifyDataDelete;anonymous_3;PracticeDataSource.notifyDataMove;anonymous_4,rerun passed in combined homePage scope with AuthenticationPageInstrumentTest,code-clone_coverage.csv
3,1,original,@extrulesproject/code-clone-fragment-check,agc-template-market-harmonyos-demos/KidsTemplate/ChildrenEducation/scenes/tabs/minepage/src/main/ets/views/settings/TimeCtrl.ets,90,100,yes,src/ohosTest/ets/test/TimeCtrlRender.test.ets;src/test/TimeCtrl.test.ets,instrument-test,TimeCtrlRenderTest,DEVECO_SDK_HOME=/Applications/DevEco-Studio.app/Contents/sdk NODE_HOME=/Applications/DevEco-Studio.app/Contents/tools/node /Applications/DevEco-Studio.app/Contents/tools/node/bin/node /Applications/DevEco-Studio.app/Contents/tools/hvigor/bin/hvigorw.js --no-daemon onDeviceTest -p module=minepage@ohosTest -p coverage=true,passed,10,10,100.00,0,0,N/A,6,6,100.00,initialRender;anonymous_3;anonymous_5;anonymous_16;anonymous_17;anonymous_20,rerun passed: 3/3 tests,code-clone_coverage.csv
3,1,similar,@extrulesproject/code-clone-fragment-check,agc-template-market-harmonyos-demos/BusinessTemplate/OfficeAttendance/scenes/schedule/src/main/ets/mock/DataManager.ets,13,33,yes,agc-template-market-harmonyos-demos/BusinessTemplate/OfficeAttendance/scenes/schedule/src/ohosTest/ets/test/ScheduleForm.test.ets;agc-template-market-harmonyos-demos/BusinessTemplate/OfficeAttendance/scenes/schedule/src/ohosTest/ets/test/Ability.test.ets,instrument-test,ScheduleFormTest+ActsAbilityTest,hvigorw.js --no-daemon ohosTest -p module=schedule -p coverage=true,passed,15,0,0.00,4,0,0.00,3,0,0.00,DataManager.getId;DataManager.saveOne;anonymous_0,rerun passed: 1/2 tests; existing test artifacts do not cover this target range,code-clone_coverage.csv
3,1,similar,@extrulesproject/code-clone-fragment-check,agc-template-market-harmonyos-demos/LifestyleAndServiceTemplate/ShoppingMall/components/module_points/src/main/ets/components/SubmitPointConfirm.ets,60,81,yes,agc-template-market-harmonyos-demos/LifestyleAndServiceTemplate/ShoppingMall/components/module_points/src/ohosTest/ets/test/List.test.ets;agc-template-market-harmonyos-demos/LifestyleAndServiceTemplate/ShoppingMall/components/module_points/src/ohosTest/ets/test/SubmitPointConfirm.test.ets,instrument-test,SubmitPointConfirmTest,hvigorw onDeviceTest -p module=module_points -p coverage=true -p scope=SubmitPointConfirmTest,passed,19,19,100.00,0,0,N/A,10,10,100.00,photoPointConfirmBuilder;anonymous_13;anonymous_14;anonymous_15;anonymous_16;anonymous_17;anonymous_18;anonymous_19;anonymous_20;anonymous_21,rerun passed: 3/3 tests,code-clone_coverage.csv
3,1,similar,@extrulesproject/code-clone-fragment-check,agc-template-market-harmonyos-demos/EntertainmentTemplate/MuseumTicket/features/mine/src/main/ets/components/RecommendBar.ets,3,53,yes,agc-template-market-harmonyos-demos/EntertainmentTemplate/MuseumTicket/features/mine/src/ohosTest/ets/test/List.test.ets;agc-template-market-harmonyos-demos/EntertainmentTemplate/MuseumTicket/features/mine/src/ohosTest/ets/test/RecommendBar.test.ets,instrument-test,MineRecommendBarTest,DEVECO_SDK_HOME=/Applications/DevEco-Studio.app/Contents/sdk NODE_HOME=/Applications/DevEco-Studio.app/Contents/tools/node /Applications/DevEco-Studio.app/Contents/tools/node/bin/node /Applications/DevEco-Studio.app/Contents/tools/hvigor/bin/hvigorw.js --no-daemon onDeviceTest -p module=mine@ohosTest -p coverage=true -p scope=MineRecommendBarTest,passed,41,41,100.00,0,0,N/A,15,15,100.00,initialRender;anonymous_1;anonymous_2;anonymous_3;anonymous_4;anonymous_5;anonymous_7;anonymous_8;anonymous_9;anonymous_10;anonymous_11;anonymous_12;anonymous_13;anonymous_14;anonymous_15,exported function is RecommendBarTest; actual describe scope is MineRecommendBarTest; hvigor printed getInitCoverageData failed but emitted coverage report,code-clone_coverage.csv
3,1,similar,@extrulesproject/code-clone-fragment-check,agc-template-market-harmonyos-demos/EducationTemplate/Exam/features/topicPage/src/main/ets/viewModel/PracticeMode.ets,17,139,yes,agc-template-market-harmonyos-demos/EducationTemplate/Exam/features/topicPage/src/ohosTest/ets/test/List.test.ets;agc-template-market-harmonyos-demos/EducationTemplate/Exam/features/topicPage/src/ohosTest/ets/test/PracticeMode.test.ets,instrument-test,PracticeModeInstrumentTest,hvigorw.js --no-daemon onDeviceTest -p module=topicPage -p coverage=true -p scope=PracticeModeInstrumentTest,passed,33,33,100.00,4,3,75.00,16,16,100.00,PracticeMode.constructor;PracticeDataSource.constructor;PracticeDataSource.getData;PracticeDataSource.totalCount;PracticeDataSource.registerDataChangeListener;PracticeDataSource.unregisterDataChangeListener;PracticeDataSource.notifyDataReload;anonymous_0;PracticeDataSource.notifyDataAdd;anonymous_1;PracticeDataSource.notifyDataChange;anonymous_2;PracticeDataSource.notifyDataDelete;anonymous_3;PracticeDataSource.notifyDataMove;anonymous_4,rerun passed; previous missing dependency build failure did not reproduce,code-clone_coverage.csv
3,1,similar,@extrulesproject/code-clone-fragment-check,agc-template-market-harmonyos-demos/KidsTemplate/ChildrenEducation/scenes/tabs/minepage/src/main/ets/views/settings/TimeCtrl.ets,114,124,yes,src/ohosTest/ets/test/TimeCtrlRender.test.ets;src/test/TimeCtrl.test.ets,instrument-test,TimeCtrlRenderTest,DEVECO_SDK_HOME=/Applications/DevEco-Studio.app/Contents/sdk NODE_HOME=/Applications/DevEco-Studio.app/Contents/tools/node /Applications/DevEco-Studio.app/Contents/tools/node/bin/node /Applications/DevEco-Studio.app/Contents/tools/hvigor/bin/hvigorw.js --no-daemon onDeviceTest -p module=minepage@ohosTest -p coverage=true,passed,10,10,100.00,0,0,N/A,6,6,100.00,initialRender;anonymous_3;anonymous_5;anonymous_21;anonymous_22;anonymous_25,rerun passed: 3/3 tests,code-clone_coverage.csv
3,2,similar,@extrulesproject/code-clone-fragment-check,agc-template-market-harmonyos-demos/KidsTemplate/ChildrenEducation/scenes/tabs/minepage/src/main/ets/views/settings/TimeCtrl.ets,165,175,yes,src/ohosTest/ets/test/TimeCtrlRender.test.ets;src/test/TimeCtrl.test.ets,instrument-test,TimeCtrlRenderTest,DEVECO_SDK_HOME=/Applications/DevEco-Studio.app/Contents/sdk NODE_HOME=/Applications/DevEco-Studio.app/Contents/tools/node /Applications/DevEco-Studio.app/Contents/tools/node/bin/node /Applications/DevEco-Studio.app/Contents/tools/hvigor/bin/hvigorw.js --no-daemon onDeviceTest -p module=minepage@ohosTest -p coverage=true,passed,10,10,100.00,0,0,N/A,6,6,100.00,initialRender;anonymous_3;anonymous_5;anonymous_31;anonymous_32;anonymous_35,rerun passed: 3/3 tests,code-clone_coverage.csv
3,3,similar,@extrulesproject/code-clone-fragment-check,agc-template-market-harmonyos-demos/KidsTemplate/ChildrenEducation/scenes/tabs/minepage/src/main/ets/views/settings/TimeCtrl.ets,189,199,yes,src/ohosTest/ets/test/TimeCtrlRender.test.ets;src/test/TimeCtrl.test.ets,instrument-test,TimeCtrlRenderTest,DEVECO_SDK_HOME=/Applications/DevEco-Studio.app/Contents/sdk NODE_HOME=/Applications/DevEco-Studio.app/Contents/tools/node /Applications/DevEco-Studio.app/Contents/tools/node/bin/node /Applications/DevEco-Studio.app/Contents/tools/hvigor/bin/hvigorw.js --no-daemon onDeviceTest -p module=minepage@ohosTest -p coverage=true,passed,10,10,100.00,0,0,N/A,6,6,100.00,initialRender;anonymous_3;anonymous_5;anonymous_36;anonymous_37;anonymous_40,rerun passed: 3/3 tests,code-clone_coverage.csv
3,4,original,@extrulesproject/code-clone-fragment-check,agc-template-market-harmonyos-demos/KidsTemplate/ChildrenEducation/scenes/tabs/minepage/src/main/ets/views/settings/TimeCtrl.ets,165,179,yes,src/ohosTest/ets/test/TimeCtrlRender.test.ets;src/test/TimeCtrl.test.ets,instrument-test,TimeCtrlRenderTest,DEVECO_SDK_HOME=/Applications/DevEco-Studio.app/Contents/sdk NODE_HOME=/Applications/DevEco-Studio.app/Contents/tools/node /Applications/DevEco-Studio.app/Contents/tools/node/bin/node /Applications/DevEco-Studio.app/Contents/tools/hvigor/bin/hvigorw.js --no-daemon onDeviceTest -p module=minepage@ohosTest -p coverage=true,passed,14,14,100.00,0,0,N/A,7,7,100.00,initialRender;anonymous_3;anonymous_5;anonymous_31;anonymous_32;anonymous_33;anonymous_35,rerun passed: 3/3 tests,code-clone_coverage.csv
3,4,similar,@extrulesproject/code-clone-fragment-check,agc-template-market-harmonyos-demos/KidsTemplate/ChildrenEducation/scenes/tabs/minepage/src/main/ets/views/settings/TimeCtrl.ets,189,203,yes,src/ohosTest/ets/test/TimeCtrlRender.test.ets;src/test/TimeCtrl.test.ets,instrument-test,TimeCtrlRenderTest,DEVECO_SDK_HOME=/Applications/DevEco-Studio.app/Contents/sdk NODE_HOME=/Applications/DevEco-Studio.app/Contents/tools/node /Applications/DevEco-Studio.app/Contents/tools/node/bin/node /Applications/DevEco-Studio.app/Contents/tools/hvigor/bin/hvigorw.js --no-daemon onDeviceTest -p module=minepage@ohosTest -p coverage=true,passed,14,14,100.00,0,0,N/A,7,7,100.00,initialRender;anonymous_3;anonymous_5;anonymous_36;anonymous_37;anonymous_38;anonymous_40,rerun passed: 3/3 tests,code-clone_coverage.csv
4,1,original,@extrulesproject/code-clone-fragment-check,agc-template-market-harmonyos-demos/MovieTVAndLivestreamingTemplate/WebShortDrama/features/mine/src/main/ets/pages/MyFavoritesPage.ets,8,32,yes,agc-template-market-harmonyos-demos/MovieTVAndLivestreamingTemplate/WebShortDrama/features/mine/src/ohosTest/ets/test/List.test.ets;agc-template-market-harmonyos-demos/MovieTVAndLivestreamingTemplate/WebShortDrama/features/mine/src/ohosTest/ets/test/MyFavoritesPage.test.ets;agc-template-market-harmonyos-demos/MovieTVAndLivestreamingTemplate/WebShortDrama/features/mine/src/ohosTest/ets/test/WatchRecordsPage.test.ets,instrument-test,"MyFavoritesPageUiTest,WatchRecordsPageUiTest","hvigorw onDeviceTest -p module=mine -p coverage=true -p scope=MyFavoritesPageUiTest,WatchRecordsPageUiTest",passed,16,15,93.75,0,0,N/A,13,12,92.31,resetStateVarsOnReuse;aboutToAppear;anonymous_1;initialRender;anonymous_2;anonymous_3;anonymous_4;anonymous_5;anonymous_6;anonymous_7;anonymous_8;anonymous_11;anonymous_12,rerun passed: 2/2 tests,code-clone_coverage.csv
4,1,original,@extrulesproject/code-clone-fragment-check,agc-template-market-harmonyos-demos/EntertainmentTemplate/MuseumTicket/features/mine/src/main/ets/pages/AddVisitorPage.ets,1,158,yes,agc-template-market-harmonyos-demos/EntertainmentTemplate/MuseumTicket/features/mine/src/ohosTest/ets/test/List.test.ets;agc-template-market-harmonyos-demos/EntertainmentTemplate/MuseumTicket/features/mine/src/ohosTest/ets/test/AddVisitorPage.test.ets,instrument-test,AddVisitorPageTest,DEVECO_SDK_HOME=/Applications/DevEco-Studio.app/Contents/sdk NODE_HOME=/Applications/DevEco-Studio.app/Contents/tools/node /Applications/DevEco-Studio.app/Contents/tools/node/bin/node /Applications/DevEco-Studio.app/Contents/tools/hvigor/bin/hvigorw.js --no-daemon onDeviceTest -p module=mine@ohosTest -p coverage=true -p scope=AddVisitorPageTest,passed,108,71,65.74,16,2,12.50,39,34,87.18,AddVisitorPageBuilder;anonymous_1;resetStateVarsOnReuse;cloneContact;isContactInfoValid;upDateContactInfo;anonymous_3;aboutToAppear;aboutToDisappear;initialRender;anonymous_4;anonymous_5;anonymous_6;anonymous_7;anonymous_8;anonymous_9;anonymous_10;anonymous_11;anonymous_12;anonymous_13;anonymous_14;anonymous_15;anonymous_16;anonymous_17;anonymous_18;anonymous_19;anonymous_20;anonymous_21;anonymous_22;anonymous_23;anonymous_24;anonymous_25;anonymous_26;anonymous_27;anonymous_28;anonymous_29;anonymous_30;anonymous_31;anonymous_32,"hvigor printed getInitCoverageData failed, but test_result.txt passed and coverageReport.json was emitted",code-clone_coverage.csv
4,1,original,@extrulesproject/code-clone-fragment-check,agc-template-market-harmonyos-demos/ShoppingTemplate/Express/features/business_home/src/main/ets/components/HomeVisit.ets,8,59,yes,agc-template-market-harmonyos-demos/ShoppingTemplate/Express/features/business_home/src/ohosTest/ets/test/List.test.ets;agc-template-market-harmonyos-demos/ShoppingTemplate/Express/features/business_home/src/ohosTest/ets/test/HomeVisit.test.ets;agc-template-market-harmonyos-demos/ShoppingTemplate/Express/features/business_home/src/ohosTest/ets/test/ShippingInfo.test.ets,instrument-test,"HomeVisitTest,ShippingInfoTest","hvigorw.js --no-daemon test -p module=business_home -p coverage=true -p scope=HomeVisitTest,ShippingInfoTest",passed,9,9,100.00,0,0,N/A,6,6,100.00,anonymous_1;anonymous_2;anonymous_4;anonymous_5;anonymous_7;anonymous_8,rerun passed: 9/9 tests,code-clone_coverage.csv
4,1,original,@extrulesproject/code-clone-fragment-check,agc-template-market-harmonyos-demos/EducationTemplate/Exam/features/homePage/src/main/ets/pages/AuthenticationPage.ets,1,71,yes,agc-template-market-harmonyos-demos/EducationTemplate/Exam/features/homePage/src/ohosTest/ets/test/AuthenticationPage.test.ets;agc-template-market-harmonyos-demos/EducationTemplate/Exam/features/homePage/src/ohosTest/ets/test/List.test.ets,instrument-test,AuthenticationPageInstrumentTest,"hvigorw.js --no-daemon onDeviceTest -p module=homePage -p coverage=true -p scope=PracticeModeInstrumentTest,AuthenticationPageInstrumentTest",passed,62,62,100.00,0,0,N/A,7,7,100.00,AuthenticationPageBuilder;anonymous_1;initialRender;anonymous_3;anonymous_4;anonymous_5;anonymous_6,rerun passed; previous missing host anchor did not reproduce,code-clone_coverage.csv
4,1,similar,@extrulesproject/code-clone-fragment-check,agc-template-market-harmonyos-demos/MovieTVAndLivestreamingTemplate/WebShortDrama/features/mine/src/main/ets/pages/WatchRecordsPage.ets,8,32,yes,agc-template-market-harmonyos-demos/MovieTVAndLivestreamingTemplate/WebShortDrama/features/mine/src/ohosTest/ets/test/List.test.ets;agc-template-market-harmonyos-demos/MovieTVAndLivestreamingTemplate/WebShortDrama/features/mine/src/ohosTest/ets/test/MyFavoritesPage.test.ets;agc-template-market-harmonyos-demos/MovieTVAndLivestreamingTemplate/WebShortDrama/features/mine/src/ohosTest/ets/test/WatchRecordsPage.test.ets,instrument-test,"MyFavoritesPageUiTest,WatchRecordsPageUiTest","hvigorw onDeviceTest -p module=mine -p coverage=true -p scope=MyFavoritesPageUiTest,WatchRecordsPageUiTest",passed,16,15,93.75,0,0,N/A,13,12,92.31,resetStateVarsOnReuse;aboutToAppear;anonymous_1;initialRender;anonymous_2;anonymous_3;anonymous_4;anonymous_5;anonymous_6;anonymous_7;anonymous_8;anonymous_10;anonymous_11,rerun passed: 2/2 tests,code-clone_coverage.csv
4,1,similar,@extrulesproject/code-clone-fragment-check,agc-template-market-harmonyos-demos/EntertainmentTemplate/MuseumTicket/features/mine/src/main/ets/pages/EditVisitorPage.ets,1,158,yes,agc-template-market-harmonyos-demos/EntertainmentTemplate/MuseumTicket/features/mine/src/ohosTest/ets/test/List.test.ets;agc-template-market-harmonyos-demos/EntertainmentTemplate/MuseumTicket/features/mine/src/ohosTest/ets/test/EditVisitorPage.test.ets,instrument-test,EditVisitorPageTest,DEVECO_SDK_HOME=/Applications/DevEco-Studio.app/Contents/sdk NODE_HOME=/Applications/DevEco-Studio.app/Contents/tools/node /Applications/DevEco-Studio.app/Contents/tools/node/bin/node /Applications/DevEco-Studio.app/Contents/tools/hvigor/bin/hvigorw.js --no-daemon onDeviceTest -p module=mine@ohosTest -p coverage=true -p scope=EditVisitorPageTest,passed,109,72,66.06,16,1,6.25,39,34,87.18,EditVisitorPageBuilder;anonymous_1;resetStateVarsOnReuse;cloneContact;isContactInfoValid;upDateContactInfo;anonymous_3;aboutToAppear;aboutToDisappear;initialRender;anonymous_4;anonymous_5;anonymous_6;anonymous_7;anonymous_8;anonymous_9;anonymous_10;anonymous_11;anonymous_12;anonymous_13;anonymous_14;anonymous_15;anonymous_16;anonymous_17;anonymous_18;anonymous_19;anonymous_20;anonymous_21;anonymous_22;anonymous_23;anonymous_24;anonymous_25;anonymous_26;anonymous_27;anonymous_28;anonymous_29;anonymous_30;anonymous_31;anonymous_32,"hvigor printed getInitCoverageData failed, but test_result.txt passed and coverageReport.json was emitted",code-clone_coverage.csv
4,1,similar,@extrulesproject/code-clone-fragment-check,agc-template-market-harmonyos-demos/ShoppingTemplate/Express/features/business_home/src/main/ets/components/ShippingInfo.ets,9,61,yes,agc-template-market-harmonyos-demos/ShoppingTemplate/Express/features/business_home/src/ohosTest/ets/test/List.test.ets;agc-template-market-harmonyos-demos/ShoppingTemplate/Express/features/business_home/src/ohosTest/ets/test/HomeVisit.test.ets;agc-template-market-harmonyos-demos/ShoppingTemplate/Express/features/business_home/src/ohosTest/ets/test/ShippingInfo.test.ets,instrument-test,"HomeVisitTest,ShippingInfoTest","hvigorw.js --no-daemon test -p module=business_home -p coverage=true -p scope=HomeVisitTest,ShippingInfoTest",passed,9,9,100.00,0,0,N/A,7,7,100.00,anonymous_1;anonymous_2;anonymous_4;anonymous_5;anonymous_7;anonymous_8;initialRender,rerun passed: 9/9 tests,code-clone_coverage.csv
4,1,similar,@extrulesproject/code-clone-fragment-check,agc-template-market-harmonyos-demos/EducationTemplate/Exam/features/minePage/src/main/ets/views/AuthenticationPage.ets,1,71,yes,agc-template-market-harmonyos-demos/EducationTemplate/Exam/features/minePage/src/ohosTest/ets/test/AuthenticationPage.test.ets;agc-template-market-harmonyos-demos/EducationTemplate/Exam/features/minePage/src/ohosTest/ets/test/List.test.ets,instrument-test,AuthenticationPageInstrumentTest,"hvigorw.js --no-daemon onDeviceTest -p module=minePage -p coverage=true -p scope=AuthenticationPageInstrumentTest,CollectionPageInstrumentTest,CoursePageInstrumentTest",passed,59,57,96.61,0,0,N/A,7,5,71.43,AuthenticationPageBuilder;anonymous_1;initialRender;anonymous_3;anonymous_4;anonymous_5;anonymous_6,same-module test now exists and passed in combined minePage scope; hvigor emitted getInitCoverageData parse warning but wrote test_result and coverageReport,code-clone_coverage.csv
5,1,original,@extrulesproject/code-clone-fragment-check,agc-template-market-harmonyos-demos/NavigationTemplate/AirTrip/Application/features/home/src/main/ets/pages/HomePage.ets,194,209,yes,agc-template-market-harmonyos-demos/NavigationTemplate/AirTrip/Application/features/home/src/ohosTest/ets/test/List.test.ets;agc-template-market-harmonyos-demos/NavigationTemplate/AirTrip/Application/features/home/src/ohosTest/ets/test/HomePageFlightBooking.test.ets,instrument-test,HomePageFlightBookingTest,hvigorw onDeviceTest -p module=home -p coverage=true -p scope=HomePageFlightBookingTest,passed,15,15,100.00,2,1,50.00,6,5,83.33,FlightBookingView;anonymous_11;anonymous_15;anonymous_16;anonymous_17;anonymous_19,rerun passed: 3/3 tests,code-clone_coverage.csv
5,1,original,@extrulesproject/code-clone-fragment-check,agc-template-market-harmonyos-demos/FinanceTemplate/FinancialManagement/commons/componentlib/src/main/ets/components/CommonProductProfile.ets,39,56,yes,agc-template-market-harmonyos-demos/FinanceTemplate/FinancialManagement/commons/componentlib/src/ohosTest/ets/test/List.test.ets;agc-template-market-harmonyos-demos/FinanceTemplate/FinancialManagement/commons/componentlib/src/ohosTest/ets/test/CommonProductProfile.test.ets,instrument-test,CommonProductProfileTest,DEVECO_SDK_HOME=/Applications/DevEco-Studio.app/Contents/sdk NODE_HOME=/Applications/DevEco-Studio.app/Contents/tools/node /Applications/DevEco-Studio.app/Contents/tools/node/bin/node /Applications/DevEco-Studio.app/Contents/tools/hvigor/bin/hvigorw.js --no-daemon onDeviceTest -p module=componentlib@ohosTest -p coverage=true -p scope=CommonProductProfileTest,passed,16,16,100.00,2,2,100.00,7,7,100.00,initialRender;anonymous_6;anonymous_11;anonymous_12;anonymous_13;anonymous_14;anonymous_15,rerun passed: 2/2 tests,code-clone_coverage.csv
5,1,original,@extrulesproject/code-clone-fragment-check,agc-template-market-harmonyos-demos/ShoppingTemplate/Express/features/business_mine/src/main/ets/pages/EditNamePage.ets,18,70,yes,agc-template-market-harmonyos-demos/ShoppingTemplate/Express/features/business_mine/src/ohosTest/ets/test/List.test.ets;agc-template-market-harmonyos-demos/ShoppingTemplate/Express/features/business_mine/src/ohosTest/ets/test/EditNamePage.test.ets;agc-template-market-harmonyos-demos/ShoppingTemplate/Express/features/business_mine/src/ohosTest/ets/test/EditPhonePage.test.ets,instrument-test,"EditNamePageTest,EditPhonePageTest","hvigorw.js --no-daemon test -p module=business_mine -p coverage=true -p scope=EditNamePageTest,EditPhonePageTest",passed,38,38,100.00,2,1,50.00,11,11,100.00,initialRender;anonymous_3;anonymous_5;anonymous_6;anonymous_7;anonymous_8;anonymous_9;anonymous_10;anonymous_11;anonymous_13;anonymous_14,rerun passed: 6/6 tests,code-clone_coverage.csv
5,1,original,@extrulesproject/code-clone-fragment-check,agc-template-market-harmonyos-demos/EducationTemplate/Exam/features/minePage/src/main/ets/views/CollectionPage.ets,20,46,yes,agc-template-market-harmonyos-demos/EducationTemplate/Exam/features/minePage/src/ohosTest/ets/test/CollectionPage.test.ets;agc-template-market-harmonyos-demos/EducationTemplate/Exam/features/minePage/src/ohosTest/ets/test/List.test.ets,instrument-test,CollectionPageInstrumentTest,"hvigorw.js --no-daemon onDeviceTest -p module=minePage -p coverage=true -p scope=AuthenticationPageInstrumentTest,CollectionPageInstrumentTest,CoursePageInstrumentTest",passed,9,3,33.33,0,0,N/A,7,1,14.29,anonymous_1;anonymous_2;resetStateVarsOnReuse;anonymous_3;anonymous_4;anonymous_5;aboutToDisappear,rerun passed in combined minePage scope; hvigor emitted getInitCoverageData parse warning but wrote test_result and coverageReport,code-clone_coverage.csv
5,1,similar,@extrulesproject/code-clone-fragment-check,agc-template-market-harmonyos-demos/NavigationTemplate/AirTrip/Application/features/home/src/main/ets/pages/HomePage.ets,238,253,yes,agc-template-market-harmonyos-demos/NavigationTemplate/AirTrip/Application/features/home/src/ohosTest/ets/test/List.test.ets;agc-template-market-harmonyos-demos/NavigationTemplate/AirTrip/Application/features/home/src/ohosTest/ets/test/HomePageFlightBooking.test.ets,instrument-test,HomePageFlightBookingTest,hvigorw onDeviceTest -p module=home -p coverage=true -p scope=HomePageFlightBookingTest,passed,15,15,100.00,2,1,50.00,6,6,100.00,FlightBookingView;anonymous_11;anonymous_15;anonymous_22;anonymous_24;anonymous_25,rerun passed: 3/3 tests,code-clone_coverage.csv
5,1,similar,@extrulesproject/code-clone-fragment-check,agc-template-market-harmonyos-demos/FinanceTemplate/FinancialManagement/commons/componentlib/src/main/ets/components/CommonProductProfile.ets,67,84,yes,agc-template-market-harmonyos-demos/FinanceTemplate/FinancialManagement/commons/componentlib/src/ohosTest/ets/test/List.test.ets;agc-template-market-harmonyos-demos/FinanceTemplate/FinancialManagement/commons/componentlib/src/ohosTest/ets/test/CommonProductProfile.test.ets,instrument-test,CommonProductProfileTest,DEVECO_SDK_HOME=/Applications/DevEco-Studio.app/Contents/sdk NODE_HOME=/Applications/DevEco-Studio.app/Contents/tools/node /Applications/DevEco-Studio.app/Contents/tools/node/bin/node /Applications/DevEco-Studio.app/Contents/tools/hvigor/bin/hvigorw.js --no-daemon onDeviceTest -p module=componentlib@ohosTest -p coverage=true -p scope=CommonProductProfileTest,passed,16,16,100.00,2,2,100.00,7,7,100.00,initialRender;anonymous_6;anonymous_16;anonymous_17;anonymous_18;anonymous_19;anonymous_20,rerun passed: 2/2 tests,code-clone_coverage.csv
5,1,similar,@extrulesproject/code-clone-fragment-check,agc-template-market-harmonyos-demos/ShoppingTemplate/Express/features/business_mine/src/main/ets/pages/EditPhonePage.ets,18,70,yes,agc-template-market-harmonyos-demos/ShoppingTemplate/Express/features/business_mine/src/ohosTest/ets/test/List.test.ets;agc-template-market-harmonyos-demos/ShoppingTemplate/Express/features/business_mine/src/ohosTest/ets/test/EditNamePage.test.ets;agc-template-market-harmonyos-demos/ShoppingTemplate/Express/features/business_mine/src/ohosTest/ets/test/EditPhonePage.test.ets,instrument-test,"EditNamePageTest,EditPhonePageTest","hvigorw.js --no-daemon test -p module=business_mine -p coverage=true -p scope=EditNamePageTest,EditPhonePageTest",passed,38,38,100.00,2,1,50.00,11,11,100.00,initialRender;anonymous_3;anonymous_5;anonymous_6;anonymous_7;anonymous_8;anonymous_9;anonymous_10;anonymous_11;anonymous_13;anonymous_14,rerun passed: 6/6 tests,code-clone_coverage.csv
5,1,similar,@extrulesproject/code-clone-fragment-check,agc-template-market-harmonyos-demos/EducationTemplate/Exam/features/minePage/src/main/ets/views/CoursePage.ets,20,47,yes,agc-template-market-harmonyos-demos/EducationTemplate/Exam/features/minePage/src/ohosTest/ets/test/CoursePage.test.ets;agc-template-market-harmonyos-demos/EducationTemplate/Exam/features/minePage/src/ohosTest/ets/test/List.test.ets,instrument-test,CoursePageInstrumentTest,"hvigorw.js --no-daemon onDeviceTest -p module=minePage -p coverage=true -p scope=AuthenticationPageInstrumentTest,CollectionPageInstrumentTest,CoursePageInstrumentTest",passed,9,4,44.44,0,0,N/A,6,3,50.00,anonymous_1;resetStateVarsOnReuse;anonymous_2;aboutToDisappear;initialRender;anonymous_3,rerun passed in combined minePage scope; hvigor emitted getInitCoverageData parse warning but wrote test_result and coverageReport,code-clone_coverage.csv
5,2,original,@extrulesproject/code-clone-fragment-check,agc-template-market-harmonyos-demos/EducationTemplate/Exam/features/minePage/src/main/ets/views/CollectionPage.ets,73,93,yes,agc-template-market-harmonyos-demos/EducationTemplate/Exam/features/minePage/src/ohosTest/ets/test/CollectionPage.test.ets;agc-template-market-harmonyos-demos/EducationTemplate/Exam/features/minePage/src/ohosTest/ets/test/List.test.ets,instrument-test,CollectionPageInstrumentTest,"hvigorw.js --no-daemon onDeviceTest -p module=minePage -p coverage=true -p scope=AuthenticationPageInstrumentTest,CollectionPageInstrumentTest,CoursePageInstrumentTest",passed,14,14,100.00,2,2,100.00,7,7,100.00,initialRender;deleteButtonBuilder;anonymous_13;anonymous_14;anonymous_15;anonymous_17;anonymous_18,rerun passed in combined minePage scope; hvigor emitted getInitCoverageData parse warning but wrote test_result and coverageReport,code-clone_coverage.csv
5,2,similar,@extrulesproject/code-clone-fragment-check,agc-template-market-harmonyos-demos/EducationTemplate/Exam/features/minePage/src/main/ets/views/CoursePage.ets,74,94,yes,agc-template-market-harmonyos-demos/EducationTemplate/Exam/features/minePage/src/ohosTest/ets/test/CoursePage.test.ets;agc-template-market-harmonyos-demos/EducationTemplate/Exam/features/minePage/src/ohosTest/ets/test/List.test.ets,instrument-test,CoursePageInstrumentTest,"hvigorw.js --no-daemon onDeviceTest -p module=minePage -p coverage=true -p scope=AuthenticationPageInstrumentTest,CollectionPageInstrumentTest,CoursePageInstrumentTest",passed,16,16,100.00,2,2,100.00,6,6,100.00,deleteButtonBuilder;anonymous_10;anonymous_11;anonymous_12;anonymous_14;anonymous_15,rerun passed in combined minePage scope; hvigor emitted getInitCoverageData parse warning but wrote test_result and coverageReport,code-clone_coverage.csv
5,3,original,@extrulesproject/code-clone-fragment-check,agc-template-market-harmonyos-demos/EducationTemplate/Exam/features/minePage/src/main/ets/views/CollectionPage.ets,95,125,yes,agc-template-market-harmonyos-demos/EducationTemplate/Exam/features/minePage/src/ohosTest/ets/test/CollectionPage.test.ets;agc-template-market-harmonyos-demos/EducationTemplate/Exam/features/minePage/src/ohosTest/ets/test/List.test.ets,instrument-test,CollectionPageInstrumentTest,"hvigorw.js --no-daemon onDeviceTest -p module=minePage -p coverage=true -p scope=AuthenticationPageInstrumentTest,CollectionPageInstrumentTest,CoursePageInstrumentTest",passed,19,19,100.00,6,6,100.00,9,9,100.00,deleteButtonBuilder;anonymous_13;anonymous_15;anonymous_16;deleteSelectData;anonymous_20;isSelectAllClick;anonymous_21;anonymous_22,rerun passed in combined minePage scope; hvigor emitted getInitCoverageData parse warning but wrote test_result and coverageReport,code-clone_coverage.csv
5,3,similar,@extrulesproject/code-clone-fragment-check,agc-template-market-harmonyos-demos/EducationTemplate/Exam/features/minePage/src/main/ets/views/CoursePage.ets,96,126,yes,agc-template-market-harmonyos-demos/EducationTemplate/Exam/features/minePage/src/ohosTest/ets/test/CoursePage.test.ets;agc-template-market-harmonyos-demos/EducationTemplate/Exam/features/minePage/src/ohosTest/ets/test/List.test.ets,instrument-test,CoursePageInstrumentTest,"hvigorw.js --no-daemon onDeviceTest -p module=minePage -p coverage=true -p scope=AuthenticationPageInstrumentTest,CollectionPageInstrumentTest,CoursePageInstrumentTest",passed,18,14,77.78,4,3,75.00,9,7,77.78,deleteButtonBuilder;anonymous_10;anonymous_12;anonymous_13;deleteSelectData;anonymous_17;isSelectAllClick;anonymous_18;anonymous_19,rerun passed in combined minePage scope; hvigor emitted getInitCoverageData parse warning but wrote test_result and coverageReport,code-clone_coverage.csv
6,1,original,@extrulesproject/code-clone-fragment-check,agc-template-market-harmonyos-demos/PhotographyTemplate/ImageProcessing/scenes/picture_beautification/src/main/ets/components/StickerToolBar.ets,78,131,yes,agc-template-market-harmonyos-demos/PhotographyTemplate/ImageProcessing/scenes/picture_beautification/src/ohosTest/ets/test/List.test.ets;agc-template-market-harmonyos-demos/PhotographyTemplate/ImageProcessing/scenes/picture_beautification/src/ohosTest/ets/test/StickerToolBar.test.ets,instrument-test,StickerToolBarInstrumentTest,hvigorw onDeviceTest -p module=picture_beautification -p coverage=true -p scope=StickerToolBarInstrumentTest,passed,43,43,100.00,8,8,100.00,12,12,100.00,initialRender;anonymous_3;anonymous_23;anonymous_24;anonymous_25;anonymous_26;anonymous_29;anonymous_30;anonymous_31;anonymous_32;anonymous_33;anonymous_34,rerun passed: 8/8 tests,code-clone_coverage.csv
6,1,original,@extrulesproject/code-clone-fragment-check,agc-template-market-harmonyos-demos/FinanceTemplate/FinancialManagement/scenes/position/src/main/ets/pages/TransactionSearch.ets,5,33,yes,agc-template-market-harmonyos-demos/FinanceTemplate/FinancialManagement/scenes/position/src/ohosTest/ets/test/List.test.ets;agc-template-market-harmonyos-demos/FinanceTemplate/FinancialManagement/scenes/position/src/ohosTest/ets/test/TransactionSearch.test.ets,instrument-test,TransactionSearchTest,DEVECO_SDK_HOME=/Applications/DevEco-Studio.app/Contents/sdk NODE_HOME=/Applications/DevEco-Studio.app/Contents/tools/node /Applications/DevEco-Studio.app/Contents/tools/node/bin/node /Applications/DevEco-Studio.app/Contents/tools/hvigor/bin/hvigorw.js --no-daemon onDeviceTest -p module=position@ohosTest -p coverage=true -p scope=TransactionSearchTest,passed,16,14,87.50,0,0,N/A,11,10,90.91,TransactionSearchBuilder;anonymous_1;initialRender;anonymous_3;anonymous_4;anonymous_5;anonymous_6;anonymous_7;anonymous_8;anonymous_9;anonymous_10,rerun passed: 2/2 tests,code-clone_coverage.csv
6,1,similar,@extrulesproject/code-clone-fragment-check,agc-template-market-harmonyos-demos/PhotographyTemplate/ImageProcessing/scenes/picture_beautification/src/main/ets/components/StickerToolBar.ets,141,194,yes,agc-template-market-harmonyos-demos/PhotographyTemplate/ImageProcessing/scenes/picture_beautification/src/ohosTest/ets/test/List.test.ets;agc-template-market-harmonyos-demos/PhotographyTemplate/ImageProcessing/scenes/picture_beautification/src/ohosTest/ets/test/StickerToolBar.test.ets,instrument-test,StickerToolBarInstrumentTest,hvigorw onDeviceTest -p module=picture_beautification -p coverage=true -p scope=StickerToolBarInstrumentTest,passed,41,41,100.00,8,8,100.00,10,10,100.00,stickerContentBuilder;anonymous_35;anonymous_36;anonymous_37;anonymous_40;anonymous_41;anonymous_42;anonymous_43;anonymous_44;anonymous_45,rerun passed: 8/8 tests,code-clone_coverage.csv
6,1,similar,@extrulesproject/code-clone-fragment-check,agc-template-market-harmonyos-demos/FinanceTemplate/FinancialManagement/scenes/product/src/main/ets/pages/ProductSearch.ets,5,33,yes,agc-template-market-harmonyos-demos/FinanceTemplate/FinancialManagement/scenes/product/src/ohosTest/ets/test/List.test.ets;agc-template-market-harmonyos-demos/FinanceTemplate/FinancialManagement/scenes/product/src/ohosTest/ets/test/ProductSearch.test.ets,instrument-test,ProductSearchTest,DEVECO_SDK_HOME=/Applications/DevEco-Studio.app/Contents/sdk NODE_HOME=/Applications/DevEco-Studio.app/Contents/tools/node /Applications/DevEco-Studio.app/Contents/tools/node/bin/node /Applications/DevEco-Studio.app/Contents/tools/hvigor/bin/hvigorw.js --no-daemon onDeviceTest -p module=product@ohosTest -p coverage=true -p scope=ProductSearchTest,passed,16,14,87.50,0,0,N/A,10,9,90.00,ProductSearchBuilder;anonymous_1;initialRender;anonymous_3;anonymous_4;anonymous_5;anonymous_6;anonymous_7;anonymous_8;anonymous_9,,code-clone_coverage.csv
1,1,original,Data Clumps,agc-template-market-harmonyos-demos/ToolsTemplate/SmartHome/features/device_service/src/main/ets/view/AgreementView.ets,15,52,yes,agc-template-market-harmonyos-demos/ToolsTemplate/SmartHome/features/device_service/src/ohosTest/ets/test/List.test.ets;agc-template-market-harmonyos-demos/ToolsTemplate/SmartHome/features/device_service/src/ohosTest/ets/test/Ability.test.ets;agc-template-market-harmonyos-demos/ToolsTemplate/SmartHome/features/device_service/src/ohosTest/ets/test/QuickLoginPage.test.ets;agc-template-market-harmonyos-demos/ToolsTemplate/SmartHome/features/device_service/src/ohosTest/ets/test/AgreementView.test.ets,instrument-test,device_serviceAllSuites,hvigorw.js --no-daemon ohosTest -p module=device_service -p coverage=true,passed,34,31,91.18,4,4,100.00,10,9,90.00,bulidSpan;anonymous_7;anonymous_8;anonymous_9;anonymous_10;anonymous_11;anonymous_12;anonymous_13;anonymous_14;anonymous_15,rerun passed: 1/3 tests,data-clumps_coverage.csv
1,1,original,Data Clumps,openharmony_tpc_samples/ohos_rive/ohos_rive/library/src/main/ets/runtime/RiveAnimationView.ets,820,861,yes,openharmony_tpc_samples/ohos_rive/ohos_rive/library/src/ohosTest/ets/test/List.test.ets;openharmony_tpc_samples/ohos_rive/ohos_rive/library/src/ohosTest/ets/test/RendererAttributes.test.ets;openharmony_tpc_samples/ohos_rive/ohos_rive/library/src/ohosTest/ets/test/RiveAnimationView.test.ets;openharmony_tpc_samples/ohos_rive/ohos_rive/library/src/ohosTest/ets/testability/pages/Index.ets,instrument-test,RendererAttributesTest;RiveAnimationViewTest,"hvigorw.js --no-daemon ohosTest -p product=default -p coverage=true -p module=rive_ohos -p scope=RendererAttributesTest,RiveAnimationViewTest",passed,34,34,100.00,10,5,50.00,2,2,100.00,setRiveResource;anonymous_30,rerun passed: 218/219 tests,data-clumps_coverage.csv
2,1,original,Data Clumps,agc-template-market-harmonyos-demos/ToolsTemplate/SmartHome/features/device_service/src/main/ets/pages/QuickLoginPage.ets,197,236,yes,agc-template-market-harmonyos-demos/ToolsTemplate/SmartHome/features/device_service/src/ohosTest/ets/test/List.test.ets;agc-template-market-harmonyos-demos/ToolsTemplate/SmartHome/features/device_service/src/ohosTest/ets/test/Ability.test.ets;agc-template-market-harmonyos-demos/ToolsTemplate/SmartHome/features/device_service/src/ohosTest/ets/test/QuickLoginPage.test.ets;agc-template-market-harmonyos-demos/ToolsTemplate/SmartHome/features/device_service/src/ohosTest/ets/test/AgreementView.test.ets,instrument-test,device_serviceAllSuites,hvigorw.js --no-daemon ohosTest -p module=device_service -p coverage=true,passed,34,0,0.00,8,0,0.00,10,0,0.00,bulidSpan;anonymous_11;anonymous_12;anonymous_13;anonymous_14;anonymous_15;anonymous_16;anonymous_17;anonymous_18;anonymous_19,rerun passed: 1/3 tests; existing test artifacts do not cover this target range,data-clumps_coverage.csv
2,1,original,Data Clumps,openharmony_tpc_samples/ohos_rive/ohos_rive/library/src/main/ets/runtime/RiveAnimationView.ets,863,903,yes,openharmony_tpc_samples/ohos_rive/ohos_rive/library/src/ohosTest/ets/test/List.test.ets;openharmony_tpc_samples/ohos_rive/ohos_rive/library/src/ohosTest/ets/test/RendererAttributes.test.ets;openharmony_tpc_samples/ohos_rive/ohos_rive/library/src/ohosTest/ets/test/RiveAnimationView.test.ets;openharmony_tpc_samples/ohos_rive/ohos_rive/library/src/ohosTest/ets/testability/pages/Index.ets,instrument-test,RendererAttributesTest;RiveAnimationViewTest,"hvigorw.js --no-daemon ohosTest -p product=default -p coverage=true -p module=rive_ohos -p scope=RendererAttributesTest,RiveAnimationViewTest",passed,34,34,100.00,10,5,50.00,2,2,100.00,setRiveBytes;anonymous_31,rerun passed: 218/219 tests,data-clumps_coverage.csv
3,1,original,Data Clumps,openharmony_tpc_samples/ohos_rive/ohos_rive/library/src/main/ets/runtime/RiveAnimationView.ets,905,951,yes,openharmony_tpc_samples/ohos_rive/ohos_rive/library/src/ohosTest/ets/test/List.test.ets;openharmony_tpc_samples/ohos_rive/ohos_rive/library/src/ohosTest/ets/test/RendererAttributes.test.ets;openharmony_tpc_samples/ohos_rive/ohos_rive/library/src/ohosTest/ets/test/RiveAnimationView.test.ets;openharmony_tpc_samples/ohos_rive/ohos_rive/library/src/ohosTest/ets/testability/pages/Index.ets,instrument-test,RendererAttributesTest;RiveAnimationViewTest,"hvigorw.js --no-daemon ohosTest -p product=default -p coverage=true -p module=rive_ohos -p scope=RendererAttributesTest,RiveAnimationViewTest",passed,37,37,100.00,12,7,58.33,1,1,100.00,setRiveFile,rerun passed: 218/219 tests,data-clumps_coverage.csv
4,1,original,Data Clumps,openharmony_tpc_samples/ohos_rive/ohos_rive/library/src/main/ets/runtime/renderers/RendererAttributes.ets,157,187,yes,openharmony_tpc_samples/ohos_rive/ohos_rive/library/src/ohosTest/ets/test/List.test.ets;openharmony_tpc_samples/ohos_rive/ohos_rive/library/src/ohosTest/ets/test/RendererAttributes.test.ets;openharmony_tpc_samples/ohos_rive/ohos_rive/library/src/ohosTest/ets/test/RiveAnimationView.test.ets;openharmony_tpc_samples/ohos_rive/ohos_rive/library/src/ohosTest/ets/testability/pages/Index.ets,instrument-test,RendererAttributesTest;RiveAnimationViewTest,"hvigorw.js --no-daemon ohosTest -p product=default -p coverage=true -p module=rive_ohos -p scope=RendererAttributesTest,RiveAnimationViewTest",passed,29,29,100.00,0,0,N/A,1,1,100.00,RendererAttributes.constructor,rerun passed: 218/219 tests,data-clumps_coverage.csv
1,1,original,@extrulesproject/feature-envy-check,agc-template-market-harmonyos-demos/BusinessTemplate/EnterpriseRecruitment/product/phone/src/main/ets/pages/mine/AvatarUpload.ets,289,337,yes,agc-template-market-harmonyos-demos/BusinessTemplate/EnterpriseRecruitment/product/phone/src/ohosTest/ets/test/List.test.ets;agc-template-market-harmonyos-demos/BusinessTemplate/EnterpriseRecruitment/product/phone/src/ohosTest/ets/test/Ability.test.ets;agc-template-market-harmonyos-demos/BusinessTemplate/EnterpriseRecruitment/product/phone/src/ohosTest/ets/test/AvatarUpload.test.ets,instrument-test,phoneAllSuites,hvigorw.js --no-daemon ohosTest -p module=phone -p coverage=true,passed,33,33,100.00,10,10,100.00,1,1,100.00,checkImageAdapt,rerun passed: 8/8 tests,feature-envy_coverage.csv
1,1,original,@extrulesproject/long-method-check,agc-template-market-harmonyos-demos/BooksAndReferenceTemplate/BookRead/components/reader_tool_bar/src/main/ets/components/ReaderToolBar.ets,199,343,yes,agc-template-market-harmonyos-demos/BooksAndReferenceTemplate/BookRead/components/reader_tool_bar/src/ohosTest/ets/test/ReaderToolBar.test.ets;agc-template-market-harmonyos-demos/BooksAndReferenceTemplate/BookRead/components/reader_tool_bar/src/ohosTest/ets/test/List.test.ets;agc-template-market-harmonyos-demos/BooksAndReferenceTemplate/BookRead/components/reader_tool_bar/src/ohosTest/ets/test/Ability.test.ets,instrument-test,reader_tool_barAllSuites,hvigorw.js --no-daemon ohosTest -p module=reader_tool_bar -p coverage=true,passed,107,91,85.05,12,5,41.67,29,25,86.21,buildSettingSheet;anonymous_15;anonymous_16;anonymous_17;anonymous_18;anonymous_19;anonymous_20;anonymous_21;anonymous_22;anonymous_23;anonymous_24;anonymous_25;anonymous_26;anonymous_27;anonymous_28;anonymous_29;anonymous_30;anonymous_31;anonymous_32;anonymous_33;anonymous_34;anonymous_35;anonymous_36;anonymous_37;anonymous_38;anonymous_39;anonymous_40;anonymous_41;anonymous_42,rerun passed: 2/2 tests,long-method_coverage.csv
2,1,original,@extrulesproject/long-method-check,agc-template-market-harmonyos-demos/BooksAndReferenceTemplate/BookRead/feature/book_home/src/main/ets/views/SearchPage.ets,88,240,yes,agc-template-market-harmonyos-demos/BooksAndReferenceTemplate/BookRead/feature/book_home/src/ohosTest/ets/test/SearchPage.test.ets;agc-template-market-harmonyos-demos/BooksAndReferenceTemplate/BookRead/feature/book_home/src/ohosTest/ets/test/List.test.ets;agc-template-market-harmonyos-demos/BooksAndReferenceTemplate/BookRead/feature/book_home/src/ohosTest/ets/test/Ability.test.ets,instrument-test,book_homeAllSuites,hvigorw.js --no-daemon ohosTest -p module=book_home -p coverage=true,passed,119,113,94.96,16,12,75.00,49,48,97.96,initialRender;anonymous_1;anonymous_2;anonymous_3;anonymous_4;anonymous_5;anonymous_6;anonymous_7;anonymous_8;anonymous_9;anonymous_10;anonymous_11;anonymous_12;anonymous_13;anonymous_14;anonymous_15;anonymous_16;anonymous_17;anonymous_18;anonymous_19;anonymous_20;anonymous_21;anonymous_22;anonymous_23;anonymous_24;anonymous_25;anonymous_26;anonymous_27;anonymous_29;anonymous_30;anonymous_32;anonymous_33;anonymous_34;anonymous_35;anonymous_36;anonymous_37;anonymous_39;anonymous_40;anonymous_41;anonymous_42;anonymous_43;anonymous_44;anonymous_45;anonymous_46;anonymous_47;anonymous_48;anonymous_49;anonymous_50;anonymous_51,rerun passed: 2/2 tests,long-method_coverage.csv
3,1,original,@extrulesproject/long-method-check,agc-template-market-harmonyos-demos/BooksAndReferenceTemplate/BookRead/feature/book_person/src/main/ets/comp/MyInfoCard.ets,145,265,yes,agc-template-market-harmonyos-demos/BooksAndReferenceTemplate/BookRead/feature/book_person/src/ohosTest/ets/test/MemberCenterPage.test.ets;agc-template-market-harmonyos-demos/BooksAndReferenceTemplate/BookRead/feature/book_person/src/ohosTest/ets/test/FeedbackPage.test.ets;agc-template-market-harmonyos-demos/BooksAndReferenceTemplate/BookRead/feature/book_person/src/ohosTest/ets/test/List.test.ets;agc-template-market-harmonyos-demos/BooksAndReferenceTemplate/BookRead/feature/book_person/src/ohosTest/ets/test/LoginPage.test.ets;agc-template-market-harmonyos-demos/BooksAndReferenceTemplate/BookRead/feature/book_person/src/ohosTest/ets/test/Ability.test.ets;agc-template-market-harmonyos-demos/BooksAndReferenceTemplate/BookRead/feature/book_person/src/ohosTest/ets/test/RechargePage.test.ets;agc-template-market-harmonyos-demos/BooksAndReferenceTemplate/BookRead/feature/book_person/src/ohosTest/ets/test/AboutPage.test.ets;agc-template-market-harmonyos-demos/BooksAndReferenceTemplate/BookRead/feature/book_person/src/ohosTest/ets/test/MemberAgreementPage.test.ets;agc-template-market-harmonyos-demos/BooksAndReferenceTemplate/BookRead/feature/book_person/src/ohosTest/ets/test/MyInfoCard.test.ets,instrument-test,book_personAllSuites,hvigorw.js --no-daemon ohosTest -p module=book_person -p coverage=true,passed,100,98,98.00,6,6,100.00,28,27,96.43,initialRender;anonymous_11;anonymous_12;anonymous_13;anonymous_14;anonymous_15;anonymous_17;anonymous_18;anonymous_19;anonymous_20;anonymous_21;anonymous_22;anonymous_23;anonymous_24;anonymous_25;anonymous_26;anonymous_27;anonymous_28;anonymous_29;anonymous_30;anonymous_31;anonymous_32;anonymous_33;anonymous_34;anonymous_35;anonymous_36;anonymous_37;anonymous_38,rerun passed: 10/10 tests,long-method_coverage.csv
4,1,original,@extrulesproject/long-method-check,agc-template-market-harmonyos-demos/BooksAndReferenceTemplate/BookRead/feature/book_person/src/main/ets/views/AboutPage.ets,69,194,yes,agc-template-market-harmonyos-demos/BooksAndReferenceTemplate/BookRead/feature/book_person/src/ohosTest/ets/test/MemberCenterPage.test.ets;agc-template-market-harmonyos-demos/BooksAndReferenceTemplate/BookRead/feature/book_person/src/ohosTest/ets/test/FeedbackPage.test.ets;agc-template-market-harmonyos-demos/BooksAndReferenceTemplate/BookRead/feature/book_person/src/ohosTest/ets/test/List.test.ets;agc-template-market-harmonyos-demos/BooksAndReferenceTemplate/BookRead/feature/book_person/src/ohosTest/ets/test/LoginPage.test.ets;agc-template-market-harmonyos-demos/BooksAndReferenceTemplate/BookRead/feature/book_person/src/ohosTest/ets/test/Ability.test.ets;agc-template-market-harmonyos-demos/BooksAndReferenceTemplate/BookRead/feature/book_person/src/ohosTest/ets/test/RechargePage.test.ets;agc-template-market-harmonyos-demos/BooksAndReferenceTemplate/BookRead/feature/book_person/src/ohosTest/ets/test/AboutPage.test.ets;agc-template-market-harmonyos-demos/BooksAndReferenceTemplate/BookRead/feature/book_person/src/ohosTest/ets/test/MemberAgreementPage.test.ets;agc-template-market-harmonyos-demos/BooksAndReferenceTemplate/BookRead/feature/book_person/src/ohosTest/ets/test/MyInfoCard.test.ets,instrument-test,book_personAllSuites,hvigorw.js --no-daemon ohosTest -p module=book_person -p coverage=true,passed,103,103,100.00,0,0,N/A,20,20,100.00,aboutCardView;anonymous_10;anonymous_11;anonymous_12;anonymous_13;anonymous_14;anonymous_15;anonymous_16;anonymous_17;anonymous_18;anonymous_19;anonymous_20;anonymous_21;anonymous_22;anonymous_23;anonymous_24;anonymous_25;anonymous_26;anonymous_27;anonymous_28,rerun passed: 10/10 tests,long-method_coverage.csv
5,1,original,@extrulesproject/long-method-check,agc-template-market-harmonyos-demos/BooksAndReferenceTemplate/BookRead/feature/book_person/src/main/ets/views/FeedbackPage.ets,25,192,yes,agc-template-market-harmonyos-demos/BooksAndReferenceTemplate/BookRead/feature/book_person/src/ohosTest/ets/test/MemberCenterPage.test.ets;agc-template-market-harmonyos-demos/BooksAndReferenceTemplate/BookRead/feature/book_person/src/ohosTest/ets/test/FeedbackPage.test.ets;agc-template-market-harmonyos-demos/BooksAndReferenceTemplate/BookRead/feature/book_person/src/ohosTest/ets/test/List.test.ets;agc-template-market-harmonyos-demos/BooksAndReferenceTemplate/BookRead/feature/book_person/src/ohosTest/ets/test/LoginPage.test.ets;agc-template-market-harmonyos-demos/BooksAndReferenceTemplate/BookRead/feature/book_person/src/ohosTest/ets/test/Ability.test.ets;agc-template-market-harmonyos-demos/BooksAndReferenceTemplate/BookRead/feature/book_person/src/ohosTest/ets/test/RechargePage.test.ets;agc-template-market-harmonyos-demos/BooksAndReferenceTemplate/BookRead/feature/book_person/src/ohosTest/ets/test/AboutPage.test.ets;agc-template-market-harmonyos-demos/BooksAndReferenceTemplate/BookRead/feature/book_person/src/ohosTest/ets/test/MemberAgreementPage.test.ets;agc-template-market-harmonyos-demos/BooksAndReferenceTemplate/BookRead/feature/book_person/src/ohosTest/ets/test/MyInfoCard.test.ets,instrument-test,book_personAllSuites,hvigorw.js --no-daemon ohosTest -p module=book_person -p coverage=true,passed,139,115,82.73,4,1,25.00,39,30,76.92,initialRender;anonymous_3;anonymous_4;anonymous_5;anonymous_6;anonymous_7;anonymous_9;anonymous_10;anonymous_11;anonymous_12;anonymous_13;anonymous_14;anonymous_15;anonymous_16;anonymous_17;anonymous_18;anonymous_19;anonymous_20;anonymous_21;anonymous_22;anonymous_23;anonymous_24;anonymous_25;anonymous_26;anonymous_27;anonymous_28;anonymous_29;anonymous_30;anonymous_31;anonymous_32;anonymous_33;anonymous_34;anonymous_36;anonymous_37;anonymous_38;anonymous_39;anonymous_40;anonymous_41;anonymous_42,rerun passed: 10/10 tests,long-method_coverage.csv
6,1,original,@extrulesproject/long-method-check,agc-template-market-harmonyos-demos/BooksAndReferenceTemplate/BookRead/feature/book_person/src/main/ets/views/LoginPage.ets,114,183,yes,agc-template-market-harmonyos-demos/BooksAndReferenceTemplate/BookRead/feature/book_person/src/ohosTest/ets/test/MemberCenterPage.test.ets;agc-template-market-harmonyos-demos/BooksAndReferenceTemplate/BookRead/feature/book_person/src/ohosTest/ets/test/FeedbackPage.test.ets;agc-template-market-harmonyos-demos/BooksAndReferenceTemplate/BookRead/feature/book_person/src/ohosTest/ets/test/List.test.ets;agc-template-market-harmonyos-demos/BooksAndReferenceTemplate/BookRead/feature/book_person/src/ohosTest/ets/test/LoginPage.test.ets;agc-template-market-harmonyos-demos/BooksAndReferenceTemplate/BookRead/feature/book_person/src/ohosTest/ets/test/Ability.test.ets;agc-template-market-harmonyos-demos/BooksAndReferenceTemplate/BookRead/feature/book_person/src/ohosTest/ets/test/RechargePage.test.ets;agc-template-market-harmonyos-demos/BooksAndReferenceTemplate/BookRead/feature/book_person/src/ohosTest/ets/test/AboutPage.test.ets;agc-template-market-harmonyos-demos/BooksAndReferenceTemplate/BookRead/feature/book_person/src/ohosTest/ets/test/MemberAgreementPage.test.ets;agc-template-market-harmonyos-demos/BooksAndReferenceTemplate/BookRead/feature/book_person/src/ohosTest/ets/test/MyInfoCard.test.ets,instrument-test,book_personAllSuites,hvigorw.js --no-daemon ohosTest -p module=book_person -p coverage=true,passed,50,20,40.00,16,7,43.75,3,1,33.33,handleLoginWithHuaweiIDButton;anonymous_5;anonymous_6,rerun passed: 10/10 tests,long-method_coverage.csv
6,1,original,@extrulesproject/long-method-check,agc-template-market-harmonyos-demos/BooksAndReferenceTemplate/BookRead/components/swiper_card/src/main/ets/components/TUISwiper.ets,68,124,yes,agc-template-market-harmonyos-demos/BooksAndReferenceTemplate/BookRead/components/swiper_card/src/ohosTest/ets/test/List.test.ets;agc-template-market-harmonyos-demos/BooksAndReferenceTemplate/BookRead/components/swiper_card/src/ohosTest/ets/test/TUISwiper.test.ets,instrument-test,TUISwiperTest,hvigorw.js --no-daemon onDeviceTest -p module=swiper_card -p coverage=true -p scope=TUISwiperTest,passed,38,32,84.21,12,9,75.00,1,1,100.00,initDataByIsCovered,rerun passed: 3/3 instrument tests,long-method_coverage.csv
6,2,original,@extrulesproject/long-method-check,agc-template-market-harmonyos-demos/BooksAndReferenceTemplate/BookRead/feature/book_person/src/main/ets/views/LoginPage.ets,233,418,yes,agc-template-market-harmonyos-demos/BooksAndReferenceTemplate/BookRead/feature/book_person/src/ohosTest/ets/test/MemberCenterPage.test.ets;agc-template-market-harmonyos-demos/BooksAndReferenceTemplate/BookRead/feature/book_person/src/ohosTest/ets/test/FeedbackPage.test.ets;agc-template-market-harmonyos-demos/BooksAndReferenceTemplate/BookRead/feature/book_person/src/ohosTest/ets/test/List.test.ets;agc-template-market-harmonyos-demos/BooksAndReferenceTemplate/BookRead/feature/book_person/src/ohosTest/ets/test/LoginPage.test.ets;agc-template-market-harmonyos-demos/BooksAndReferenceTemplate/BookRead/feature/book_person/src/ohosTest/ets/test/Ability.test.ets;agc-template-market-harmonyos-demos/BooksAndReferenceTemplate/BookRead/feature/book_person/src/ohosTest/ets/test/RechargePage.test.ets;agc-template-market-harmonyos-demos/BooksAndReferenceTemplate/BookRead/feature/book_person/src/ohosTest/ets/test/AboutPage.test.ets;agc-template-market-harmonyos-demos/BooksAndReferenceTemplate/BookRead/feature/book_person/src/ohosTest/ets/test/MemberAgreementPage.test.ets;agc-template-market-harmonyos-demos/BooksAndReferenceTemplate/BookRead/feature/book_person/src/ohosTest/ets/test/MyInfoCard.test.ets,instrument-test,book_personAllSuites,hvigorw.js --no-daemon ohosTest -p module=book_person -p coverage=true,passed,140,124,88.57,8,3,37.50,34,31,91.18,initialRender;anonymous_9;anonymous_10;anonymous_11;anonymous_12;anonymous_13;anonymous_14;anonymous_15;anonymous_16;anonymous_17;anonymous_18;anonymous_19;anonymous_20;anonymous_21;anonymous_22;anonymous_23;anonymous_24;anonymous_25;anonymous_26;anonymous_28;anonymous_29;anonymous_30;anonymous_31;anonymous_32;anonymous_33;anonymous_34;anonymous_35;anonymous_36;anonymous_37;anonymous_38;anonymous_39;anonymous_40;anonymous_41;anonymous_43,rerun passed: 10/10 tests,long-method_coverage.csv
7,1,original,@extrulesproject/long-method-check,agc-template-market-harmonyos-demos/BooksAndReferenceTemplate/BookRead/feature/book_person/src/main/ets/views/MemberAgreementPage.ets,7,152,yes,agc-template-market-harmonyos-demos/BooksAndReferenceTemplate/BookRead/feature/book_person/src/ohosTest/ets/test/MemberCenterPage.test.ets;agc-template-market-harmonyos-demos/BooksAndReferenceTemplate/BookRead/feature/book_person/src/ohosTest/ets/test/FeedbackPage.test.ets;agc-template-market-harmonyos-demos/BooksAndReferenceTemplate/BookRead/feature/book_person/src/ohosTest/ets/test/List.test.ets;agc-template-market-harmonyos-demos/BooksAndReferenceTemplate/BookRead/feature/book_person/src/ohosTest/ets/test/LoginPage.test.ets;agc-template-market-harmonyos-demos/BooksAndReferenceTemplate/BookRead/feature/book_person/src/ohosTest/ets/test/Ability.test.ets;agc-template-market-harmonyos-demos/BooksAndReferenceTemplate/BookRead/feature/book_person/src/ohosTest/ets/test/RechargePage.test.ets;agc-template-market-harmonyos-demos/BooksAndReferenceTemplate/BookRead/feature/book_person/src/ohosTest/ets/test/AboutPage.test.ets;agc-template-market-harmonyos-demos/BooksAndReferenceTemplate/BookRead/feature/book_person/src/ohosTest/ets/test/MemberAgreementPage.test.ets;agc-template-market-harmonyos-demos/BooksAndReferenceTemplate/BookRead/feature/book_person/src/ohosTest/ets/test/MyInfoCard.test.ets,instrument-test,book_personAllSuites,hvigorw.js --no-daemon ohosTest -p module=book_person -p coverage=true,passed,115,115,100.00,0,0,N/A,30,30,100.00,initialRender;anonymous_1;anonymous_2;anonymous_3;anonymous_4;anonymous_5;anonymous_7;anonymous_8;anonymous_9;anonymous_10;anonymous_11;anonymous_12;anonymous_13;anonymous_14;anonymous_15;anonymous_16;anonymous_17;anonymous_18;anonymous_19;anonymous_20;anonymous_21;anonymous_22;anonymous_23;anonymous_24;anonymous_25;anonymous_26;anonymous_27;anonymous_28;anonymous_29;anonymous_30,rerun passed: 10/10 tests,long-method_coverage.csv
7,1,original,@extrulesproject/long-method-check,agc-template-market-harmonyos-demos/BusinessTemplate/OfficeAttendance/commons/component_lib/src/main/ets/components/CalenderView.ets,47,88,yes,agc-template-market-harmonyos-demos/BusinessTemplate/OfficeAttendance/commons/component_lib/src/ohosTest/ets/test/List.test.ets;agc-template-market-harmonyos-demos/BusinessTemplate/OfficeAttendance/commons/component_lib/src/ohosTest/ets/test/CalenderView.test.ets,instrument-test,CalenderViewTest,DEVECO_SDK_HOME=/Applications/DevEco-Studio.app/Contents/sdk NODE_HOME=/Applications/DevEco-Studio.app/Contents/tools/node /Applications/DevEco-Studio.app/Contents/tools/node/bin/node /Applications/DevEco-Studio.app/Contents/tools/hvigor/bin/hvigorw.js --no-daemon onDeviceTest -p module=component_lib@ohosTest -p coverage=true -p scope=CalenderViewTest,passed,32,32,100.00,18,10,55.56,1,1,100.00,refresh,rerun passed: 5/5 instrument tests,long-method_coverage.csv
7,2,original,@extrulesproject/long-method-check,agc-template-market-harmonyos-demos/BusinessTemplate/OfficeAttendance/commons/component_lib/src/main/ets/components/CalenderView.ets,134,160,yes,agc-template-market-harmonyos-demos/BusinessTemplate/OfficeAttendance/commons/component_lib/src/ohosTest/ets/test/List.test.ets;agc-template-market-harmonyos-demos/BusinessTemplate/OfficeAttendance/commons/component_lib/src/ohosTest/ets/test/CalenderView.test.ets,instrument-test,CalenderViewTest,DEVECO_SDK_HOME=/Applications/DevEco-Studio.app/Contents/sdk NODE_HOME=/Applications/DevEco-Studio.app/Contents/tools/node /Applications/DevEco-Studio.app/Contents/tools/node/bin/node /Applications/DevEco-Studio.app/Contents/tools/hvigor/bin/hvigorw.js --no-daemon onDeviceTest -p module=component_lib@ohosTest -p coverage=true -p scope=CalenderViewTest,passed,23,13,56.52,16,9,56.25,1,1,100.00,changeMonthByGesture,rerun passed: 5/5 instrument tests,long-method_coverage.csv
8,1,original,@extrulesproject/long-method-check,agc-template-market-harmonyos-demos/BooksAndReferenceTemplate/BookRead/feature/book_person/src/main/ets/views/MemberCenterPage.ets,29,244,yes,agc-template-market-harmonyos-demos/BooksAndReferenceTemplate/BookRead/feature/book_person/src/ohosTest/ets/test/MemberCenterPage.test.ets;agc-template-market-harmonyos-demos/BooksAndReferenceTemplate/BookRead/feature/book_person/src/ohosTest/ets/test/FeedbackPage.test.ets;agc-template-market-harmonyos-demos/BooksAndReferenceTemplate/BookRead/feature/book_person/src/ohosTest/ets/test/List.test.ets;agc-template-market-harmonyos-demos/BooksAndReferenceTemplate/BookRead/feature/book_person/src/ohosTest/ets/test/LoginPage.test.ets;agc-template-market-harmonyos-demos/BooksAndReferenceTemplate/BookRead/feature/book_person/src/ohosTest/ets/test/Ability.test.ets;agc-template-market-harmonyos-demos/BooksAndReferenceTemplate/BookRead/feature/book_person/src/ohosTest/ets/test/RechargePage.test.ets;agc-template-market-harmonyos-demos/BooksAndReferenceTemplate/BookRead/feature/book_person/src/ohosTest/ets/test/AboutPage.test.ets;agc-template-market-harmonyos-demos/BooksAndReferenceTemplate/BookRead/feature/book_person/src/ohosTest/ets/test/MemberAgreementPage.test.ets;agc-template-market-harmonyos-demos/BooksAndReferenceTemplate/BookRead/feature/book_person/src/ohosTest/ets/test/MyInfoCard.test.ets,instrument-test,book_personAllSuites,hvigorw.js --no-daemon ohosTest -p module=book_person -p coverage=true,passed,173,158,91.33,14,12,85.71,54,47,87.04,initialRender;anonymous_1;anonymous_2;anonymous_3;anonymous_4;anonymous_5;anonymous_6;anonymous_8;anonymous_9;anonymous_10;anonymous_11;anonymous_12;anonymous_13;anonymous_15;anonymous_16;anonymous_17;anonymous_18;anonymous_19;anonymous_20;anonymous_21;anonymous_22;anonymous_23;anonymous_24;anonymous_25;anonymous_26;anonymous_27;anonymous_28;anonymous_29;anonymous_30;anonymous_31;anonymous_32;anonymous_33;anonymous_34;anonymous_35;anonymous_36;anonymous_37;anonymous_38;anonymous_39;anonymous_40;anonymous_41;anonymous_42;anonymous_43;anonymous_44;anonymous_45;anonymous_46;anonymous_47;anonymous_48;anonymous_49;anonymous_50;anonymous_51;anonymous_52;anonymous_53;anonymous_54;anonymous_55,rerun passed: 10/10 tests,long-method_coverage.csv
8,1,original,@extrulesproject/long-method-check,agc-template-market-harmonyos-demos/FoodAndDrinkTemplate/TeaDrinkOrders/features/order_list/src/main/ets/pages/OrderDetailPage.ets,54,115,yes,agc-template-market-harmonyos-demos/FoodAndDrinkTemplate/TeaDrinkOrders/products/phone/src/ohosTest/ets/test/List.test.ets;agc-template-market-harmonyos-demos/FoodAndDrinkTemplate/TeaDrinkOrders/products/phone/src/ohosTest/ets/test/OrderDetailPage.test.ets;agc-template-market-harmonyos-demos/FoodAndDrinkTemplate/TeaDrinkOrders/products/phone/src/ohosTest/ets/testability/pages/Index.ets,instrument-test,OrderDetailPageTest,DEVECO_SDK_HOME=/Applications/DevEco-Studio.app/Contents/sdk NODE_HOME=/Applications/DevEco-Studio.app/Contents/tools/node /Applications/DevEco-Studio.app/Contents/tools/node/bin/node /Applications/DevEco-Studio.app/Contents/tools/hvigor/bin/hvigorw.js --no-daemon onDeviceTest -p module=entry@ohosTest -p coverage=true -p scope=OrderDetailPageTest,passed,46,11,23.91,10,3,30.00,2,1,50.00,initStoreInfo;anonymous_5,rerun passed: 2/2 instrument tests; entry module instrument test covers order_list route via RouterMap.ORDER_DETAIL_PAGE,long-method_coverage.csv
9,1,original,@extrulesproject/long-method-check,agc-template-market-harmonyos-demos/BooksAndReferenceTemplate/BookRead/feature/book_person/src/main/ets/views/RechargePage.ets,37,228,yes,agc-template-market-harmonyos-demos/BooksAndReferenceTemplate/BookRead/feature/book_person/src/ohosTest/ets/test/MemberCenterPage.test.ets;agc-template-market-harmonyos-demos/BooksAndReferenceTemplate/BookRead/feature/book_person/src/ohosTest/ets/test/FeedbackPage.test.ets;agc-template-market-harmonyos-demos/BooksAndReferenceTemplate/BookRead/feature/book_person/src/ohosTest/ets/test/List.test.ets;agc-template-market-harmonyos-demos/BooksAndReferenceTemplate/BookRead/feature/book_person/src/ohosTest/ets/test/LoginPage.test.ets;agc-template-market-harmonyos-demos/BooksAndReferenceTemplate/BookRead/feature/book_person/src/ohosTest/ets/test/Ability.test.ets;agc-template-market-harmonyos-demos/BooksAndReferenceTemplate/BookRead/feature/book_person/src/ohosTest/ets/test/RechargePage.test.ets;agc-template-market-harmonyos-demos/BooksAndReferenceTemplate/BookRead/feature/book_person/src/ohosTest/ets/test/AboutPage.test.ets;agc-template-market-harmonyos-demos/BooksAndReferenceTemplate/BookRead/feature/book_person/src/ohosTest/ets/test/MemberAgreementPage.test.ets;agc-template-market-harmonyos-demos/BooksAndReferenceTemplate/BookRead/feature/book_person/src/ohosTest/ets/test/MyInfoCard.test.ets,instrument-test,book_personAllSuites,hvigorw.js --no-daemon ohosTest -p module=book_person -p coverage=true,passed,147,130,88.44,16,14,87.50,48,40,83.33,initialRender;anonymous_1;anonymous_2;anonymous_3;anonymous_4;anonymous_5;anonymous_6;anonymous_7;anonymous_9;anonymous_10;anonymous_11;anonymous_12;anonymous_13;anonymous_14;anonymous_15;anonymous_16;anonymous_19;anonymous_20;anonymous_21;anonymous_22;anonymous_23;anonymous_24;anonymous_25;anonymous_26;anonymous_27;anonymous_29;anonymous_30;anonymous_31;anonymous_32;anonymous_33;anonymous_34;anonymous_35;anonymous_36;anonymous_37;anonymous_38;anonymous_39;anonymous_40;anonymous_41;anonymous_42;anonymous_43;anonymous_44;anonymous_45;anonymous_46;anonymous_47;anonymous_48;anonymous_49;anonymous_50;anonymous_51,rerun passed: 10/10 tests,long-method_coverage.csv
10,1,original,@extrulesproject/long-method-check,agc-template-market-harmonyos-demos/BooksAndReferenceTemplate/BookRead/feature/book_read_kit/src/main/ets/components/BookCoverCard.ets,42,161,yes,agc-template-market-harmonyos-demos/BooksAndReferenceTemplate/BookRead/feature/book_read_kit/src/ohosTest/ets/test/List.test.ets;agc-template-market-harmonyos-demos/BooksAndReferenceTemplate/BookRead/feature/book_read_kit/src/ohosTest/ets/test/Ability.test.ets;agc-template-market-harmonyos-demos/BooksAndReferenceTemplate/BookRead/feature/book_read_kit/src/ohosTest/ets/test/ReaderPage.test.ets;agc-template-market-harmonyos-demos/BooksAndReferenceTemplate/BookRead/feature/book_read_kit/src/ohosTest/ets/test/BookCoverCard.test.ets,instrument-test,book_read_kitAllSuites,hvigorw.js --no-daemon ohosTest -p module=book_read_kit -p coverage=true,passed,90,85,94.44,6,1,16.67,32,31,96.88,initialRender;anonymous_3;anonymous_4;anonymous_6;anonymous_7;anonymous_8;anonymous_9;anonymous_10;anonymous_11;anonymous_12;anonymous_13;anonymous_14;anonymous_15;anonymous_16;anonymous_17;anonymous_18;anonymous_19;anonymous_20;anonymous_21;anonymous_22;anonymous_23;anonymous_24;anonymous_25;anonymous_26;anonymous_27;anonymous_28;anonymous_29;anonymous_30;anonymous_31;anonymous_32;anonymous_33;anonymous_34,rerun passed: 2/2 tests,long-method_coverage.csv
5,1,original,@extrulesproject/switch-statement-check,agc-template-market-harmonyos-demos/PhotographyTemplate/ImageProcessing/scenes/picture_beautification/src/main/ets/components/CarouseCutToolBar.ets,156,187,yes,agc-template-market-harmonyos-demos/PhotographyTemplate/ImageProcessing/scenes/picture_beautification/src/ohosTest/ets/test/List.test.ets;agc-template-market-harmonyos-demos/PhotographyTemplate/ImageProcessing/scenes/picture_beautification/src/ohosTest/ets/test/CarouseCutToolBar.test.ets,instrument-test,CarouseCutToolBarTest,DEVECO_SDK_HOME=/Applications/DevEco-Studio.app/Contents/sdk NODE_HOME=/Applications/DevEco-Studio.app/Contents/tools/node /Applications/DevEco-Studio.app/Contents/tools/node/bin/node /Applications/DevEco-Studio.app/Contents/tools/hvigor/bin/hvigorw.js --no-daemon onDeviceTest -p module=picture_beautification@ohosTest -p coverage=true -p scope=CarouseCutToolBarTest,passed,30,29,96.67,16,15,93.75,1,1,100.00,getCropRatio,rerun passed: 7/7 instrument tests,switch-statement_coverage.csv
2,1,original,@extrulesproject/code-clone-fragment-check,agc-template-market-harmonyos-demos/ShoppingTemplate/ComprehensiveMall/modules/scene/shopping/src/main/ets/logic/CartPageLogic.ets,139,156,yes,agc-template-market-harmonyos-demos/ShoppingTemplate/ComprehensiveMall/modules/scene/shopping/src/test/List.test.ets;agc-template-market-harmonyos-demos/ShoppingTemplate/ComprehensiveMall/modules/scene/shopping/src/test/CartPageLogic.test.ets,local-test,CartPageLogicTest,hvigorw.js --no-daemon test -p module=scene_shopping_v2 -p coverage=true -p scope=CartPageLogicTest,passed,17,17,100.00,2,2,100.00,1,1,100.00,anonymous_3,rerun passed: 7/7 tests,code-clone_coverage.csv
2,1,similar,@extrulesproject/code-clone-fragment-check,agc-template-market-harmonyos-demos/ShoppingTemplate/ComprehensiveMall/modules/scene/shopping/src/main/ets/logic/CartPageLogic.ets,238,255,yes,agc-template-market-harmonyos-demos/ShoppingTemplate/ComprehensiveMall/modules/scene/shopping/src/test/List.test.ets;agc-template-market-harmonyos-demos/ShoppingTemplate/ComprehensiveMall/modules/scene/shopping/src/test/CartPageLogic.test.ets,local-test,CartPageLogicTest,hvigorw.js --no-daemon test -p module=scene_shopping_v2 -p coverage=true -p scope=CartPageLogicTest,passed,17,17,100.00,2,2,100.00,2,2,100.00,anonymous_10;anonymous_11,rerun passed: 7/7 tests,code-clone_coverage.csv
3,1,original,@extrulesproject/code-clone-fragment-check,agc-template-market-harmonyos-demos/ShoppingTemplate/ComprehensiveMall/scenes/shopping/src/main/ets/logic/CartPageLogic.ets,122,139,yes,agc-template-market-harmonyos-demos/ShoppingTemplate/ComprehensiveMall/scenes/shopping/src/test/List.test.ets;agc-template-market-harmonyos-demos/ShoppingTemplate/ComprehensiveMall/scenes/shopping/src/test/CartPageLogic.test.ets,local-test,CartPageLogicTest,hvigorw.js --no-daemon test -p module=shopping -p coverage=true -p scope=CartPageLogicTest,passed,17,17,100.00,2,2,100.00,1,1,100.00,anonymous_3,rerun passed: 7/7 tests,code-clone_coverage.csv
3,1,similar,@extrulesproject/code-clone-fragment-check,agc-template-market-harmonyos-demos/ShoppingTemplate/ComprehensiveMall/scenes/shopping/src/main/ets/logic/CartPageLogic.ets,181,198,yes,agc-template-market-harmonyos-demos/ShoppingTemplate/ComprehensiveMall/scenes/shopping/src/test/List.test.ets;agc-template-market-harmonyos-demos/ShoppingTemplate/ComprehensiveMall/scenes/shopping/src/test/CartPageLogic.test.ets,local-test,CartPageLogicTest,hvigorw.js --no-daemon test -p module=shopping -p coverage=true -p scope=CartPageLogicTest,passed,17,17,100.00,2,2,100.00,2,2,100.00,anonymous_4;anonymous_5,rerun passed: 7/7 tests,code-clone_coverage.csv
6,1,original,@extrulesproject/code-clone-fragment-check,agc-template-market-harmonyos-demos/ShoppingTemplate/Express/features/business_mine/src/main/ets/viewModels/EditNamePageVM.ets,10,49,yes,agc-template-market-harmonyos-demos/ShoppingTemplate/Express/features/business_mine/src/test/List.test.ets;agc-template-market-harmonyos-demos/ShoppingTemplate/Express/features/business_mine/src/test/EditNamePageVM.test.ets;agc-template-market-harmonyos-demos/ShoppingTemplate/Express/features/business_mine/src/test/EditPhonePageVM.test.ets,local-test,"EditNamePageVMTest,EditPhonePageVMTest","hvigorw.js --no-daemon test -p module=business_mine -p coverage=true -p scope=EditNamePageVMTest,EditPhonePageVMTest",passed,24,22,91.67,8,7,87.50,7,6,85.71,anonymous_0;EditNamePageVM.onChange;EditNamePageVM.checkLogin;EditNamePageVM.instance;EditNamePageVM.init;EditNamePageVM.clear;EditNamePageVM.modify,rerun passed: 20/20 tests; uncovered branch at modify() if (!this.userInfo) is unreachable in ArkTS strict mode (non-null typed field); uncovered anonymous_0 is the AppStorageV2.connect lazy field initializer fallback,code-clone_coverage.csv
6,1,similar,@extrulesproject/code-clone-fragment-check,agc-template-market-harmonyos-demos/ShoppingTemplate/Express/features/business_mine/src/main/ets/viewModels/EditPhonePageVM.ets,10,49,yes,agc-template-market-harmonyos-demos/ShoppingTemplate/Express/features/business_mine/src/test/List.test.ets;agc-template-market-harmonyos-demos/ShoppingTemplate/Express/features/business_mine/src/test/EditNamePageVM.test.ets;agc-template-market-harmonyos-demos/ShoppingTemplate/Express/features/business_mine/src/test/EditPhonePageVM.test.ets,local-test,"EditNamePageVMTest,EditPhonePageVMTest","hvigorw.js --no-daemon test -p module=business_mine -p coverage=true -p scope=EditNamePageVMTest,EditPhonePageVMTest",passed,24,22,91.67,8,7,87.50,7,6,85.71,anonymous_0;EditPhonePageVM.onChange;EditPhonePageVM.checkLogin;EditPhonePageVM.instance;EditPhonePageVM.init;EditPhonePageVM.clear;EditPhonePageVM.modify,rerun passed: 20/20 tests; uncovered branch at modify() if (!this.userInfo) is unreachable in ArkTS strict mode (non-null typed field); uncovered anonymous_0 is the AppStorageV2.connect lazy field initializer fallback,code-clone_coverage.csv
1,1,path,Data Clumps,openharmony_tpc_samples/Spine/entry/src/main/ets/pages/SingleExample.ets,252,278,yes,openharmony_tpc_samples/Spine/entry/src/test/List.test.ets;openharmony_tpc_samples/Spine/entry/src/test/SingleExampleRender.test.ets;openharmony_tpc_samples/Spine/entry/src/test/NetworkExampleRender.test.ets;openharmony_tpc_samples/Spine/entry/src/test/Example1Render.test.ets;openharmony_tpc_samples/Spine/entry/src/test/Example2Render.test.ets;openharmony_tpc_samples/Spine/entry/src/test/Example3Render.test.ets;openharmony_tpc_samples/Spine/entry/src/test/Example4Render.test.ets,local-test,"LocalUnitTest,SingleExampleRenderTest,NetworkExampleRenderTest,Example1RenderTest,Example2RenderTest,Example3RenderTest,Example4RenderTest","hvigorw.js --no-daemon test -p module=entry@default -p product=default -p coverage=true -p scope=LocalUnitTest,SingleExampleRenderTest,NetworkExampleRenderTest,Example1RenderTest,Example2RenderTest,Example3RenderTest,Example4RenderTest",passed,17,17,100.00,0,0,N/A,1,1,100.00,render,rerun passed: 18/18 tests; row in source dataset shifted vs current source; range_start/range_end resolved against coverageReport.json by symbol,data-clumps_coverage.csv
1,1,path,Data Clumps,cases/CommonAppDevelopment/CommonAppDevelopment/feature/textoverflow/src/main/ets/components/model/TextFlowMode.ets,37,46,yes,cases/CommonAppDevelopment/CommonAppDevelopment/feature/textoverflow/src/test/List.test.ets;cases/CommonAppDevelopment/CommonAppDevelopment/feature/textoverflow/src/test/TextFlowMode.test.ets,local-test,TextFlowModeTest,hvigorw --no-daemon --mode module -p product=default -p module=textoverflow@default -p coverage=true -p test=true test --scope TextFlowModeTest,passed,9,9,100.00,0,0,N/A,1,1,100.00,CommentModel.constructor,rerun passed: 2/2 tests,data-clumps_coverage.csv
1,1,path,Data Clumps,ostest_integration_test/scenario/MyMusic/entry/src/main/ets/viewmodel/BookTriItemData.ets,39,48,yes,ostest_integration_test/scenario/MyMusic/entry/src/test/List.test.ets;ostest_integration_test/scenario/MyMusic/entry/src/test/DataClumps.test.ets,local-test,DataClumpsConstructorContract,DEVECO_SDK_HOME=/Applications/DevEco-Studio.app/Contents/sdk NODE_HOME=/Applications/DevEco-Studio.app/Contents/tools/node /Applications/DevEco-Studio.app/Contents/tools/node/bin/node /Applications/DevEco-Studio.app/Contents/tools/hvigor/bin/hvigorw.js --no-daemon test -p module=entry -p coverage=true -p scope=DataClumpsConstructorContract,passed_previous_run,9,9,100.00,0,0,N/A,1,1,100.00,BookTriItemData.constructor,coverageReport.json and js_coverage.json are from prior 2026-04-26 10:08:16 run with BUILD SUCCESSFUL in .hvigor/report/report-202604261008097220.json; current rerun hung after GenerateUnitTestResult and only refreshed coverage.log; test_result.txt was not present,data-clumps_coverage.csv
1,1,path,Data Clumps,ostest_integration_test/performance/arkui/benchmark_component/entry/src/main/ets/pages/stateManagement/track/TrackBooleanSample.ets,44,68,yes,entry/src/test/List.test.ets;entry/src/test/ClassModel.test.ets;entry/src/test/TrackBooleanSample.test.ets;entry/src/test/TrackBooleanArrSample.test.ets,local-test,"ClassModelLocalTest,TrackBooleanSampleLocalTest,TrackBooleanArrSampleLocalTest","hvigorw.js --no-daemon test -p module=entry -p coverage=true -p scope=ClassModelLocalTest,TrackBooleanSampleLocalTest,TrackBooleanArrSampleLocalTest",passed,24,24,100.00,0,0,N/A,1,1,100.00,TrackClassModel.constructor,rerun passed: 6/6 tests,data-clumps_coverage.csv
2,1,path,Data Clumps,openharmony_tpc_samples/Spine/entry/src/main/ets/pages/NetworkExample.ets,213,241,yes,openharmony_tpc_samples/Spine/entry/src/test/List.test.ets;openharmony_tpc_samples/Spine/entry/src/test/SingleExampleRender.test.ets;openharmony_tpc_samples/Spine/entry/src/test/NetworkExampleRender.test.ets;openharmony_tpc_samples/Spine/entry/src/test/Example1Render.test.ets;openharmony_tpc_samples/Spine/entry/src/test/Example2Render.test.ets;openharmony_tpc_samples/Spine/entry/src/test/Example3Render.test.ets;openharmony_tpc_samples/Spine/entry/src/test/Example4Render.test.ets,local-test,"LocalUnitTest,SingleExampleRenderTest,NetworkExampleRenderTest,Example1RenderTest,Example2RenderTest,Example3RenderTest,Example4RenderTest","hvigorw.js --no-daemon test -p module=entry@default -p product=default -p coverage=true -p scope=LocalUnitTest,SingleExampleRenderTest,NetworkExampleRenderTest,Example1RenderTest,Example2RenderTest,Example3RenderTest,Example4RenderTest",passed,17,17,100.00,0,0,N/A,1,1,100.00,render,rerun passed: 18/18 tests; row in source dataset shifted vs current source; range_start/range_end resolved against coverageReport.json by symbol,data-clumps_coverage.csv
2,1,path,Data Clumps,cases/CommonAppDevelopment/CommonAppDevelopment/feature/containernestedslide/src/main/ets/model/NewsCommentModel.ets,37,46,yes,cases/CommonAppDevelopment/CommonAppDevelopment/feature/containernestedslide/src/test/List.test.ets;cases/CommonAppDevelopment/CommonAppDevelopment/feature/containernestedslide/src/test/NewsCommentModel.test.ets,local-test,NewsCommentModelTest,hvigorw --no-daemon --mode module -p product=default -p module=containernestedslide@default -p coverage=true -p test=true test --scope NewsCommentModelTest,passed,9,9,100.00,0,0,N/A,1,1,100.00,NewsCommentModel.constructor,rerun passed: 2/2 tests,data-clumps_coverage.csv
2,1,path,Data Clumps,ostest_integration_test/performance/arkui/benchmark_component/entry/src/main/ets/pages/stateManagement/track/TrackBooleanArrSample.ets,43,67,yes,entry/src/test/List.test.ets;entry/src/test/ClassModel.test.ets;entry/src/test/TrackBooleanSample.test.ets;entry/src/test/TrackBooleanArrSample.test.ets,local-test,"ClassModelLocalTest,TrackBooleanSampleLocalTest,TrackBooleanArrSampleLocalTest","hvigorw.js --no-daemon test -p module=entry -p coverage=true -p scope=ClassModelLocalTest,TrackBooleanSampleLocalTest,TrackBooleanArrSampleLocalTest",passed,24,24,100.00,0,0,N/A,1,1,100.00,TrackClassModel.constructor,rerun passed: 6/6 tests,data-clumps_coverage.csv
3,1,path,Data Clumps,openharmony_tpc_samples/Spine/entry/src/main/ets/pages/Example4.ets,327,353,yes,openharmony_tpc_samples/Spine/entry/src/test/List.test.ets;openharmony_tpc_samples/Spine/entry/src/test/SingleExampleRender.test.ets;openharmony_tpc_samples/Spine/entry/src/test/NetworkExampleRender.test.ets;openharmony_tpc_samples/Spine/entry/src/test/Example1Render.test.ets;openharmony_tpc_samples/Spine/entry/src/test/Example2Render.test.ets;openharmony_tpc_samples/Spine/entry/src/test/Example3Render.test.ets;openharmony_tpc_samples/Spine/entry/src/test/Example4Render.test.ets,local-test,"LocalUnitTest,SingleExampleRenderTest,NetworkExampleRenderTest,Example1RenderTest,Example2RenderTest,Example3RenderTest,Example4RenderTest","hvigorw.js --no-daemon test -p module=entry@default -p product=default -p coverage=true -p scope=LocalUnitTest,SingleExampleRenderTest,NetworkExampleRenderTest,Example1RenderTest,Example2RenderTest,Example3RenderTest,Example4RenderTest",passed,17,17,100.00,0,0,N/A,1,1,100.00,render,rerun passed: 18/18 tests; row in source dataset shifted vs current source; range_start/range_end resolved against coverageReport.json by symbol,data-clumps_coverage.csv
3,1,path,Data Clumps,cases/CommonAppDevelopment/CommonAppDevelopment/feature/statusbaranimation/src/main/ets/model/Model.ets,28,40,yes,cases/CommonAppDevelopment/CommonAppDevelopment/feature/statusbaranimation/src/test/List.test.ets;cases/CommonAppDevelopment/CommonAppDevelopment/feature/statusbaranimation/src/test/Model.test.ets,local-test,ModelTest,hvigorw --no-daemon --mode module -p product=default -p module=statusbaranimation@default -p coverage=true -p test=true test --scope ModelTest,passed,12,12,100.00,0,0,N/A,1,1,100.00,Model.constructor,rerun passed: 2/2 tests,data-clumps_coverage.csv
3,1,path,Data Clumps,ostest_integration_test/performance/arkui/benchmark_component/entry/src/main/ets/pages/stateManagement/ClassModel.ets,38,62,yes,entry/src/test/List.test.ets;entry/src/test/ClassModel.test.ets;entry/src/test/TrackBooleanSample.test.ets;entry/src/test/TrackBooleanArrSample.test.ets,local-test,"ClassModelLocalTest,TrackBooleanSampleLocalTest,TrackBooleanArrSampleLocalTest","hvigorw.js --no-daemon test -p module=entry -p coverage=true -p scope=ClassModelLocalTest,TrackBooleanSampleLocalTest,TrackBooleanArrSampleLocalTest",passed,24,24,100.00,0,0,N/A,1,1,100.00,ClassModel.constructor,rerun passed: 6/6 tests,data-clumps_coverage.csv
4,1,path,Data Clumps,openharmony_tpc_samples/Spine/entry/src/main/ets/pages/Example3.ets,186,212,yes,openharmony_tpc_samples/Spine/entry/src/test/List.test.ets;openharmony_tpc_samples/Spine/entry/src/test/SingleExampleRender.test.ets;openharmony_tpc_samples/Spine/entry/src/test/NetworkExampleRender.test.ets;openharmony_tpc_samples/Spine/entry/src/test/Example1Render.test.ets;openharmony_tpc_samples/Spine/entry/src/test/Example2Render.test.ets;openharmony_tpc_samples/Spine/entry/src/test/Example3Render.test.ets;openharmony_tpc_samples/Spine/entry/src/test/Example4Render.test.ets,local-test,"LocalUnitTest,SingleExampleRenderTest,NetworkExampleRenderTest,Example1RenderTest,Example2RenderTest,Example3RenderTest,Example4RenderTest","hvigorw.js --no-daemon test -p module=entry@default -p product=default -p coverage=true -p scope=LocalUnitTest,SingleExampleRenderTest,NetworkExampleRenderTest,Example1RenderTest,Example2RenderTest,Example3RenderTest,Example4RenderTest",passed,17,17,100.00,0,0,N/A,1,1,100.00,render,rerun passed: 18/18 tests; row in source dataset shifted vs current source; range_start/range_end resolved against coverageReport.json by symbol,data-clumps_coverage.csv
4,1,path,Data Clumps,cases/CommonAppDevelopment/CommonAppDevelopment/feature/skeletondiagram/src/main/ets/model/Model.ets,28,40,yes,cases/CommonAppDevelopment/CommonAppDevelopment/feature/skeletondiagram/src/test/List.test.ets;cases/CommonAppDevelopment/CommonAppDevelopment/feature/skeletondiagram/src/test/Model.test.ets,local-test,ModelTest,hvigorw --no-daemon --mode module -p product=default -p module=skeletondiagram@default -p coverage=true -p test=true test --scope ModelTest,passed,12,12,100.00,0,0,N/A,1,1,100.00,Model.constructor,rerun passed: 2/2 tests,data-clumps_coverage.csv
4,1,path,Data Clumps,ostest_integration_test/performance/arkui/benchmark_component/entry/src/main/ets/pages/stateManagement/ClassModel.ets,111,135,yes,entry/src/test/List.test.ets;entry/src/test/ClassModel.test.ets;entry/src/test/TrackBooleanSample.test.ets;entry/src/test/TrackBooleanArrSample.test.ets,local-test,"ClassModelLocalTest,TrackBooleanSampleLocalTest,TrackBooleanArrSampleLocalTest","hvigorw.js --no-daemon test -p module=entry -p coverage=true -p scope=ClassModelLocalTest,TrackBooleanSampleLocalTest,TrackBooleanArrSampleLocalTest",passed,24,24,100.00,0,0,N/A,1,1,100.00,TrackClassModel.constructor,rerun passed: 6/6 tests,data-clumps_coverage.csv
5,1,path,Data Clumps,openharmony_tpc_samples/Spine/entry/src/main/ets/pages/Example2.ets,152,178,yes,openharmony_tpc_samples/Spine/entry/src/test/List.test.ets;openharmony_tpc_samples/Spine/entry/src/test/SingleExampleRender.test.ets;openharmony_tpc_samples/Spine/entry/src/test/NetworkExampleRender.test.ets;openharmony_tpc_samples/Spine/entry/src/test/Example1Render.test.ets;openharmony_tpc_samples/Spine/entry/src/test/Example2Render.test.ets;openharmony_tpc_samples/Spine/entry/src/test/Example3Render.test.ets;openharmony_tpc_samples/Spine/entry/src/test/Example4Render.test.ets,local-test,"LocalUnitTest,SingleExampleRenderTest,NetworkExampleRenderTest,Example1RenderTest,Example2RenderTest,Example3RenderTest,Example4RenderTest","hvigorw.js --no-daemon test -p module=entry@default -p product=default -p coverage=true -p scope=LocalUnitTest,SingleExampleRenderTest,NetworkExampleRenderTest,Example1RenderTest,Example2RenderTest,Example3RenderTest,Example4RenderTest",passed,17,17,100.00,0,0,N/A,1,1,100.00,render,rerun passed: 18/18 tests; row in source dataset shifted vs current source; range_start/range_end resolved against coverageReport.json by symbol,data-clumps_coverage.csv
6,1,path,Data Clumps,openharmony_tpc_samples/Spine/entry/src/main/ets/pages/Example1.ets,159,185,yes,openharmony_tpc_samples/Spine/entry/src/test/List.test.ets;openharmony_tpc_samples/Spine/entry/src/test/SingleExampleRender.test.ets;openharmony_tpc_samples/Spine/entry/src/test/NetworkExampleRender.test.ets;openharmony_tpc_samples/Spine/entry/src/test/Example1Render.test.ets;openharmony_tpc_samples/Spine/entry/src/test/Example2Render.test.ets;openharmony_tpc_samples/Spine/entry/src/test/Example3Render.test.ets;openharmony_tpc_samples/Spine/entry/src/test/Example4Render.test.ets,local-test,"LocalUnitTest,SingleExampleRenderTest,NetworkExampleRenderTest,Example1RenderTest,Example2RenderTest,Example3RenderTest,Example4RenderTest","hvigorw.js --no-daemon test -p module=entry@default -p product=default -p coverage=true -p scope=LocalUnitTest,SingleExampleRenderTest,NetworkExampleRenderTest,Example1RenderTest,Example2RenderTest,Example3RenderTest,Example4RenderTest",passed,17,17,100.00,0,0,N/A,1,1,100.00,render,rerun passed: 18/18 tests; row in source dataset shifted vs current source; range_start/range_end resolved against coverageReport.json by symbol,data-clumps_coverage.csv
1,1,original,@extrulesproject/feature-envy-check,applications_settings/product/phone/src/main/ets/pages/wifi.ets,344,352,yes,applications_settings/product/phone/src/test/AccessibilitySettingModel.test.ets;applications_settings/product/phone/src/test/List.test.ets;applications_settings/product/phone/src/test/accessibilityScreenTouch.test.ets;applications_settings/product/phone/src/test/ipsecVpnEdit.test.ets;applications_settings/product/phone/src/test/openVpnEdit.test.ets;applications_settings/product/phone/src/test/vpnLine.test.ets;applications_settings/product/phone/src/test/wifi.test.ets,local-test,phoneAllSuites,hvigorw.js --no-daemon test -p module=phone -p coverage=true,passed,5,5,100.00,2,2,100.00,1,1,100.00,isNeedRenderConnectedWiFi,rerun passed: 23/23 tests,feature-envy_coverage.csv
1,1,original,@extrulesproject/feature-envy-check,agc-template-market-harmonyos-demos/EducationTemplate/Exam/components/answer_questions/src/main/ets/components/AnswerQuestionsPage.ets,709,732,yes,agc-template-market-harmonyos-demos/EducationTemplate/Exam/components/answer_questions/src/test/List.test.ets;agc-template-market-harmonyos-demos/EducationTemplate/Exam/components/answer_questions/src/test/AnswerQuestionsPage.test.ets,local-test,AnswerQuestionsPageTest,hvigorw.js --no-daemon test -p module=answer_questions -p coverage=true -p scope=AnswerQuestionsPageTest,passed,22,22,100.00,0,0,N/A,2,2,100.00,transTopicItemModel;anonymous_122,rerun passed: 2/2 tests,feature-envy_coverage.csv
2,1,original,@extrulesproject/feature-envy-check,agc-template-market-harmonyos-demos/BooksAndReferenceTemplate/BookRead/feature/book_person/src/main/ets/comp/AccountCard.ets,31,39,yes,agc-template-market-harmonyos-demos/BooksAndReferenceTemplate/BookRead/feature/book_person/src/test/AccountCard.test.ets;agc-template-market-harmonyos-demos/BooksAndReferenceTemplate/BookRead/feature/book_person/src/test/List.test.ets;agc-template-market-harmonyos-demos/BooksAndReferenceTemplate/BookRead/feature/book_person/src/test/LocalUnit.test.ets;agc-template-market-harmonyos-demos/BooksAndReferenceTemplate/BookRead/feature/book_person/src/test/RechargePage.test.ets,local-test,book_personAllSuites,hvigorw.js --no-daemon test -p module=book_person -p coverage=true,passed,7,7,100.00,2,2,100.00,1,1,100.00,updateBookCoins,rerun passed: 7/7 tests,feature-envy_coverage.csv
2,1,original,@extrulesproject/feature-envy-check,agc-template-market-harmonyos-demos/TravelTemplate/FullServiceHotel/features/service/hotel/src/main/ets/viewmodels/HotelOrderPageVM.ets,28,43,yes,agc-template-market-harmonyos-demos/TravelTemplate/FullServiceHotel/features/service/hotel/src/test/List.test.ets;agc-template-market-harmonyos-demos/TravelTemplate/FullServiceHotel/features/service/hotel/src/test/HotelOrderPageVM.test.ets,local-test,HotelOrderPageVMTest,hvigorw.js --no-daemon test -p module=hotel -p coverage=true -p scope=HotelOrderPageVMTest,passed,13,13,100.00,0,0,N/A,1,1,100.00,HotelOrderPageVM.initData,rerun passed: 2/2 tests,feature-envy_coverage.csv
3,1,original,@extrulesproject/feature-envy-check,agc-template-market-harmonyos-demos/BooksAndReferenceTemplate/BookRead/feature/book_person/src/main/ets/views/RechargePage.ets,25,35,yes,agc-template-market-harmonyos-demos/BooksAndReferenceTemplate/BookRead/feature/book_person/src/test/AccountCard.test.ets;agc-template-market-harmonyos-demos/BooksAndReferenceTemplate/BookRead/feature/book_person/src/test/List.test.ets;agc-template-market-harmonyos-demos/BooksAndReferenceTemplate/BookRead/feature/book_person/src/test/LocalUnit.test.ets;agc-template-market-harmonyos-demos/BooksAndReferenceTemplate/BookRead/feature/book_person/src/test/RechargePage.test.ets,local-test,book_personAllSuites,hvigorw.js --no-daemon test -p module=book_person -p coverage=true,passed,7,7,100.00,2,2,100.00,1,1,100.00,updateBookCoins,rerun passed: 7/7 tests,feature-envy_coverage.csv
4,1,original,@extrulesproject/feature-envy-check,agc-template-market-harmonyos-demos/SocialTemplate/SocialDating/commons/src/main/ets/model/User.ets,81,91,yes,agc-template-market-harmonyos-demos/SocialTemplate/SocialDating/commons/src/test/List.test.ets;agc-template-market-harmonyos-demos/SocialTemplate/SocialDating/commons/src/test/LocalUnit.test.ets;agc-template-market-harmonyos-demos/SocialTemplate/SocialDating/commons/src/test/User.test.ets,local-test,commonsAllSuites,hvigorw.js --no-daemon test -p module=commons -p coverage=true,passed,10,10,100.00,0,0,N/A,1,1,100.00,UserInfo.toBasicUserInfo,rerun passed: 7/7 tests,feature-envy_coverage.csv
1,1,original,@extrulesproject/long-method-check,agc-template-market-harmonyos-demos/MedicalTemplate/MedicalCare/common/common/src/main/ets/api/BaseApi.ets,67,141,yes,agc-template-market-harmonyos-demos/MedicalTemplate/MedicalCare/common/common/src/test/List.test.ets;agc-template-market-harmonyos-demos/MedicalTemplate/MedicalCare/common/common/src/test/BaseApi.test.ets,local-test,BaseApiTest,hvigorw test -p module=common -p coverage=true -p scope=BaseApiTest,passed,55,54,98.18,28,27,96.43,2,1,50.00,BaseApi.sendRequest@67-141(cnt=9);anonymous_3@68-68(cnt=0),rerun passed: 10/10 tests,long-method_coverage.csv
1,1,original,@extrulesproject/long-method-check,applications_settings/product/phone/src/main/ets/model/accessibilityImpl/AccessibilitySettingModel.ets,32,101,yes,applications_settings/product/phone/src/test/AccessibilitySettingModel.test.ets;applications_settings/product/phone/src/test/List.test.ets;applications_settings/product/phone/src/test/accessibilityScreenTouch.test.ets;applications_settings/product/phone/src/test/ipsecVpnEdit.test.ets;applications_settings/product/phone/src/test/openVpnEdit.test.ets;applications_settings/product/phone/src/test/vpnLine.test.ets;applications_settings/product/phone/src/test/wifi.test.ets,local-test,phoneAllSuites,hvigorw.js --no-daemon test -p module=phone -p coverage=true,passed,59,59,100.00,20,20,100.00,19,19,100.00,AccessibilitySettingModel.accessibilityConfigSetting;anonymous_0;anonymous_1;anonymous_2;anonymous_3;anonymous_4;anonymous_5;anonymous_6;anonymous_7;anonymous_8;anonymous_9;anonymous_10;anonymous_11;anonymous_12;anonymous_13;anonymous_14;anonymous_15;anonymous_16;anonymous_17,rerun passed: 23/23 tests,long-method_coverage.csv
1,1,original,@extrulesproject/long-method-check,agc-template-market-harmonyos-demos/ShoppingTemplate/ComprehensiveMall/commons/lib_foundation/src/main/ets/featurecomponents/tabswiper/TabSwiper.ets,230,304,yes,agc-template-market-harmonyos-demos/ShoppingTemplate/ComprehensiveMall/commons/lib_foundation/src/test/List.test.ets;agc-template-market-harmonyos-demos/ShoppingTemplate/ComprehensiveMall/commons/lib_foundation/src/test/TabSwiper.test.ets,local-test,TabSwiperTest,DEVECO_SDK_HOME=/Applications/DevEco-Studio.app/Contents/sdk NODE_HOME=/Applications/DevEco-Studio.app/Contents/tools/node /Applications/DevEco-Studio.app/Contents/tools/node/bin/node /Applications/DevEco-Studio.app/Contents/tools/hvigor/bin/hvigorw.js --no-daemon test -p module=lib_foundation -p coverage=true -p scope=TabSwiperTest,passed,65,51,78.46,38,29,76.32,2,2,100.00,onTabSwiperAttributeChange;anonymous_5,,long-method_coverage.csv
2,1,original,@extrulesproject/long-method-check,agc-template-market-harmonyos-demos/MedicalTemplate/MedicalCare/features/patient/src/main/ets/viewmodel/PatientViewModel.ets,147,216,yes,agc-template-market-harmonyos-demos/MedicalTemplate/MedicalCare/features/patient/src/test/List.test.ets;agc-template-market-harmonyos-demos/MedicalTemplate/MedicalCare/features/patient/src/test/PatientViewModel.test.ets,local-test,PatientViewModelTest,hvigorw test -p module=patient -p coverage=true -p scope=PatientViewModelTest,passed,51,49,96.08,36,32,88.89,1,1,100.00,PatientViewModel.checkPatientInfo@147-216(cnt=16),rerun passed: 16/16 tests,long-method_coverage.csv
2,1,original,@extrulesproject/long-method-check,applications_settings/product/phone/src/main/ets/pages/vpn/ipsecVpnEdit.ets,60,153,yes,applications_settings/product/phone/src/test/AccessibilitySettingModel.test.ets;applications_settings/product/phone/src/test/List.test.ets;applications_settings/product/phone/src/test/accessibilityScreenTouch.test.ets;applications_settings/product/phone/src/test/ipsecVpnEdit.test.ets;applications_settings/product/phone/src/test/openVpnEdit.test.ets;applications_settings/product/phone/src/test/vpnLine.test.ets;applications_settings/product/phone/src/test/wifi.test.ets,local-test,phoneAllSuites,hvigorw.js --no-daemon test -p module=phone -p coverage=true,passed,61,61,100.00,6,6,100.00,13,13,100.00,initCertList;anonymous_2;anonymous_3;anonymous_4;anonymous_5;anonymous_6;anonymous_7;anonymous_8;anonymous_9;anonymous_10;anonymous_11;anonymous_12;anonymous_13,rerun passed: 23/23 tests,long-method_coverage.csv
2,1,original,@extrulesproject/long-method-check,agc-template-market-harmonyos-demos/SocialTemplate/SocialDating/features/user/src/main/ets/pages/UserDetail.ets,76,100,yes,agc-template-market-harmonyos-demos/SocialTemplate/SocialDating/features/user/src/test/List.test.ets;agc-template-market-harmonyos-demos/SocialTemplate/SocialDating/features/user/src/test/UserDetail.test.ets,local-test,UserDetailTest,DEVECO_SDK_HOME=/Applications/DevEco-Studio.app/Contents/sdk NODE_HOME=/Applications/DevEco-Studio.app/Contents/tools/node /Applications/DevEco-Studio.app/Contents/tools/node/bin/node /Applications/DevEco-Studio.app/Contents/tools/hvigor/bin/hvigorw.js --no-daemon test -p module=user -p coverage=true -p scope=UserDetailTest,passed,24,24,100.00,22,22,100.00,1,1,100.00,initialiseEnumField,,long-method_coverage.csv
3,1,original,@extrulesproject/long-method-check,agc-template-market-harmonyos-demos/NavigationTemplate/AirTrip/Application/features/flight/src/main/ets/pages/SubmitOrderPage.ets,98,200,yes,agc-template-market-harmonyos-demos/NavigationTemplate/AirTrip/Application/features/flight/src/test/List.test.ets;agc-template-market-harmonyos-demos/NavigationTemplate/AirTrip/Application/features/flight/src/test/SubmitOrderPage.test.ets,local-test,SubmitOrderPageTest,hvigorw test -p module=flight -p coverage=true -p scope=SubmitOrderPageTest,passed,85,71,83.53,14,10,71.43,7,5,71.43,submitOrder@98-200(cnt=7);anonymous_9@144-153(cnt=2);anonymous_10@162-168(cnt=1);anonymous_11@169-175(cnt=1);anonymous_12@179-192(cnt=0);anonymous_13@193-199(cnt=2);anonymous_14@194-196(cnt=0),rerun passed: 11/11 tests,long-method_coverage.csv
4,1,original,@extrulesproject/long-method-check,agc-template-market-harmonyos-demos/PhotographyTemplate/ImageProcessing/scenes/picture_beautification/src/main/ets/pages/PictureBeautification.ets,368,410,yes,agc-template-market-harmonyos-demos/PhotographyTemplate/ImageProcessing/scenes/picture_beautification/src/test/List.test.ets;agc-template-market-harmonyos-demos/PhotographyTemplate/ImageProcessing/scenes/picture_beautification/src/test/PictureBeautification.test.ets,local-test,PictureBeautificationTest,hvigorw test -p module=picture_beautification -p coverage=true -p scope=PictureBeautificationTest,passed,39,39,100.00,26,26,100.00,1,1,100.00,isMove@368-410(cnt=38),rerun passed: 16/16 tests,long-method_coverage.csv
4,2,original,@extrulesproject/long-method-check,agc-template-market-harmonyos-demos/PhotographyTemplate/ImageProcessing/scenes/picture_beautification/src/main/ets/pages/PictureBeautification.ets,413,498,yes,agc-template-market-harmonyos-demos/PhotographyTemplate/ImageProcessing/scenes/picture_beautification/src/test/List.test.ets;agc-template-market-harmonyos-demos/PhotographyTemplate/ImageProcessing/scenes/picture_beautification/src/test/PictureBeautification.test.ets,local-test,PictureBeautificationTest,hvigorw test -p module=picture_beautification -p coverage=true -p scope=PictureBeautificationTest,passed,67,63,94.03,32,29,90.63,1,1,100.00,moveClipCanvasFreeType@413-498(cnt=23),rerun passed: 16/16 tests,long-method_coverage.csv
4,3,original,@extrulesproject/long-method-check,agc-template-market-harmonyos-demos/PhotographyTemplate/ImageProcessing/scenes/picture_beautification/src/main/ets/pages/PictureBeautification.ets,501,618,yes,agc-template-market-harmonyos-demos/PhotographyTemplate/ImageProcessing/scenes/picture_beautification/src/test/List.test.ets;agc-template-market-harmonyos-demos/PhotographyTemplate/ImageProcessing/scenes/picture_beautification/src/test/PictureBeautification.test.ets,local-test,PictureBeautificationTest,hvigorw test -p module=picture_beautification -p coverage=true -p scope=PictureBeautificationTest,passed,84,75,89.29,44,39,88.64,1,1,100.00,moveClipCanvasRatioType@501-618(cnt=17),rerun passed: 16/16 tests,long-method_coverage.csv
1,1,original,@extrulesproject/switch-statement-check,applications_settings/product/phone/src/main/ets/model/accessibilityImpl/AccessibilitySettingModel.ets,32,101,yes,applications_settings/product/phone/src/test/AccessibilitySettingModel.test.ets;applications_settings/product/phone/src/test/List.test.ets;applications_settings/product/phone/src/test/accessibilityScreenTouch.test.ets;applications_settings/product/phone/src/test/ipsecVpnEdit.test.ets;applications_settings/product/phone/src/test/openVpnEdit.test.ets;applications_settings/product/phone/src/test/vpnLine.test.ets;applications_settings/product/phone/src/test/wifi.test.ets,local-test,phoneAllSuites,hvigorw.js --no-daemon test -p module=phone -p coverage=true,passed,59,59,100.00,20,20,100.00,19,19,100.00,AccessibilitySettingModel.accessibilityConfigSetting;anonymous_0;anonymous_1;anonymous_2;anonymous_3;anonymous_4;anonymous_5;anonymous_6;anonymous_7;anonymous_8;anonymous_9;anonymous_10;anonymous_11;anonymous_12;anonymous_13;anonymous_14;anonymous_15;anonymous_16;anonymous_17,rerun passed: 23/23 tests,switch-statement_coverage.csv
1,1,original,@extrulesproject/switch-statement-check,agc-template-market-harmonyos-demos/MovieTVAndLivestreamingTemplate/WebShortDrama/components/video_swiper/src/main/ets/view/VideoPlayView.ets,276,344,yes,agc-template-market-harmonyos-demos/MovieTVAndLivestreamingTemplate/WebShortDrama/components/video_swiper/src/test/List.test.ets;agc-template-market-harmonyos-demos/MovieTVAndLivestreamingTemplate/WebShortDrama/components/video_swiper/src/test/VideoPlayView.test.ets,local-test,VideoPlayViewTest,hvigorw.js --no-daemon test -p module=video_swiper -p coverage=true -p scope=VideoPlayViewTest,passed,60,60,100.00,26,23,88.46,3,3,100.00,setAVPlayerStateListen;anonymous_42;anonymous_43,rerun passed: 5/5 local tests,switch-statement_coverage.csv
2,1,original,@extrulesproject/switch-statement-check,applications_settings/product/phone/src/main/ets/pages/accessibilityScreenTouch.ets,273,305,yes,applications_settings/product/phone/src/test/AccessibilitySettingModel.test.ets;applications_settings/product/phone/src/test/List.test.ets;applications_settings/product/phone/src/test/accessibilityScreenTouch.test.ets;applications_settings/product/phone/src/test/ipsecVpnEdit.test.ets;applications_settings/product/phone/src/test/openVpnEdit.test.ets;applications_settings/product/phone/src/test/vpnLine.test.ets;applications_settings/product/phone/src/test/wifi.test.ets,local-test,phoneAllSuites,hvigorw.js --no-daemon test -p module=phone -p coverage=true,passed,30,30,100.00,12,12,100.00,1,1,100.00,setNumberBecomeValue,rerun passed: 23/23 tests,switch-statement_coverage.csv
2,1,original,@extrulesproject/switch-statement-check,agc-template-market-harmonyos-demos/NavigationTemplate/Metro/features/Home/src/main/ets/functions/HomeFunctions.ets,15,35,yes,agc-template-market-harmonyos-demos/NavigationTemplate/Metro/features/Home/src/test/List.test.ets;agc-template-market-harmonyos-demos/NavigationTemplate/Metro/features/Home/src/test/HomeFunctions.test.ets,local-test,HomeFunctionsTest,hvigorw.js --no-daemon test -p module=Home -p coverage=true -p scope=HomeFunctionsTest,passed,19,19,100.00,16,16,100.00,1,1,100.00,getColor,rerun passed: 12/12 local tests,switch-statement_coverage.csv
3,1,original,@extrulesproject/switch-statement-check,applications_settings/product/phone/src/main/ets/pages/vpn/ipsecVpnEdit.ets,246,259,yes,applications_settings/product/phone/src/test/AccessibilitySettingModel.test.ets;applications_settings/product/phone/src/test/List.test.ets;applications_settings/product/phone/src/test/accessibilityScreenTouch.test.ets;applications_settings/product/phone/src/test/ipsecVpnEdit.test.ets;applications_settings/product/phone/src/test/openVpnEdit.test.ets;applications_settings/product/phone/src/test/vpnLine.test.ets;applications_settings/product/phone/src/test/wifi.test.ets,local-test,phoneAllSuites,hvigorw.js --no-daemon test -p module=phone -p coverage=true,passed,12,12,100.00,12,12,100.00,1,1,100.00,updateCaServerCertVisibility,rerun passed: 23/23 tests,switch-statement_coverage.csv
3,1,original,@extrulesproject/switch-statement-check,agc-template-market-harmonyos-demos/NewsTemplate/News/commons/network/src/main/ets/mock/MockResponse.ets,5,64,yes,agc-template-market-harmonyos-demos/NewsTemplate/News/commons/network/src/test/List.test.ets;agc-template-market-harmonyos-demos/NewsTemplate/News/commons/network/src/test/MockResponse.test.ets,local-test,MockResponseTest,DEVECO_SDK_HOME=/Applications/DevEco-Studio.app/Contents/sdk NODE_HOME=/Applications/DevEco-Studio.app/Contents/tools/node /Applications/DevEco-Studio.app/Contents/tools/node/bin/node /Applications/DevEco-Studio.app/Contents/tools/hvigor/bin/hvigorw.js --no-daemon test -p module=network -p coverage=true -p scope=MockResponseTest,passed,58,58,100.00,54,54,100.00,1,1,100.00,getMockResponse,rerun passed: 30/30 local tests,switch-statement_coverage.csv
3,2,original,@extrulesproject/switch-statement-check,applications_settings/product/phone/src/main/ets/pages/vpn/ipsecVpnEdit.ets,193,206,yes,applications_settings/product/phone/src/test/AccessibilitySettingModel.test.ets;applications_settings/product/phone/src/test/List.test.ets;applications_settings/product/phone/src/test/accessibilityScreenTouch.test.ets;applications_settings/product/phone/src/test/ipsecVpnEdit.test.ets;applications_settings/product/phone/src/test/openVpnEdit.test.ets;applications_settings/product/phone/src/test/vpnLine.test.ets;applications_settings/product/phone/src/test/wifi.test.ets,local-test,phoneAllSuites,hvigorw.js --no-daemon test -p module=phone -p coverage=true,passed,12,12,100.00,12,12,100.00,1,1,100.00,updateIpsecIdentifierVisibility,rerun passed: 23/23 tests,switch-statement_coverage.csv
4,1,original,@extrulesproject/switch-statement-check,applications_settings/product/phone/src/main/ets/pages/vpn/vpnLine.ets,117,142,yes,applications_settings/product/phone/src/test/AccessibilitySettingModel.test.ets;applications_settings/product/phone/src/test/List.test.ets;applications_settings/product/phone/src/test/accessibilityScreenTouch.test.ets;applications_settings/product/phone/src/test/ipsecVpnEdit.test.ets;applications_settings/product/phone/src/test/openVpnEdit.test.ets;applications_settings/product/phone/src/test/vpnLine.test.ets;applications_settings/product/phone/src/test/wifi.test.ets,local-test,phoneAllSuites,hvigorw.js --no-daemon test -p module=phone -p coverage=true,passed,23,23,100.00,14,14,100.00,1,1,100.00,onConnectStateChange,rerun passed: 23/23 tests,switch-statement_coverage.csv
4,1,original,@extrulesproject/switch-statement-check,agc-template-market-harmonyos-demos/NewsTemplate/News/features/mine/src/main/ets/utils/SetFontSizeUtil.ets,4,26,yes,agc-template-market-harmonyos-demos/NewsTemplate/News/features/mine/src/test/List.test.ets;agc-template-market-harmonyos-demos/NewsTemplate/News/features/mine/src/test/SetFontSizeUtil.test.ets,local-test,SetFontSizeUtilTest,DEVECO_SDK_HOME=/Applications/DevEco-Studio.app/Contents/sdk NODE_HOME=/Applications/DevEco-Studio.app/Contents/tools/node /Applications/DevEco-Studio.app/Contents/tools/node/bin/node /Applications/DevEco-Studio.app/Contents/tools/hvigor/bin/hvigorw.js --no-daemon test -p module=mine -p coverage=true -p scope=SetFontSizeUtilTest,passed,21,21,100.00,12,12,100.00,1,1,100.00,SetFontSizeUtil.getTextByFontSize,rerun passed: 9/9 local tests,switch-statement_coverage.csv
5,1,original,@extrulesproject/switch-statement-check,applications_photos/feature/editor/src/main/ets/default/view/CropStyleBar.ets,130,169,yes,applications_photos/feature/editor/src/test/CropStyleBar.test.ets;applications_photos/feature/editor/src/test/List.test.ets,local-test,editorAllSuites,hvigorw.js --no-daemon test -p module=editor -p coverage=true,passed,29,29,100.00,20,20,100.00,1,1,100.00,onRotateClicked,rerun passed: 1/1 tests,switch-statement_coverage.csv
6,1,original,@extrulesproject/switch-statement-check,agc-template-market-harmonyos-demos/FinanceTemplate/MoneyTrack/components/bill_data_processing/src/main/ets/utils/basedb/BaseDB.ets,276,324,yes,agc-template-market-harmonyos-demos/FinanceTemplate/MoneyTrack/components/bill_data_processing/src/test/BaseDB.test.ets;agc-template-market-harmonyos-demos/FinanceTemplate/MoneyTrack/components/bill_data_processing/src/test/List.test.ets;agc-template-market-harmonyos-demos/FinanceTemplate/MoneyTrack/components/bill_data_processing/src/test/LocalUnit.test.ets,local-test,bill_data_processingAllSuites,hvigorw.js --no-daemon test -p module=bill_data_processing -p coverage=true,passed,46,46,100.00,26,26,100.00,2,2,100.00,BaseDB._buildPredicates;anonymous_1,rerun passed: 17/17 tests,switch-statement_coverage.csv
7,1,original,@extrulesproject/switch-statement-check,agc-template-market-harmonyos-demos/FinanceTemplate/MoneyTrack/components/bill_manage/src/main/ets/components/CustomKeyboard.ets,213,253,yes,agc-template-market-harmonyos-demos/FinanceTemplate/MoneyTrack/components/bill_manage/src/test/CustomKeyboard.test.ets;agc-template-market-harmonyos-demos/FinanceTemplate/MoneyTrack/components/bill_manage/src/test/List.test.ets;agc-template-market-harmonyos-demos/FinanceTemplate/MoneyTrack/components/bill_manage/src/test/LocalUnit.test.ets,local-test,bill_manageAllSuites,hvigorw.js --no-daemon test -p module=bill_manage -p coverage=true,passed,35,35,100.00,24,23,95.83,1,1,100.00,handleClick,rerun passed: 11/11 tests,switch-statement_coverage.csv
8,1,original,@extrulesproject/switch-statement-check,agc-template-market-harmonyos-demos/BusinessTemplate/Notes/components/secretlock/src/main/ets/util/AuthUtil.ets,129,163,yes,agc-template-market-harmonyos-demos/BusinessTemplate/Notes/components/secretlock/src/test/AuthUtil.test.ets;agc-template-market-harmonyos-demos/BusinessTemplate/Notes/components/secretlock/src/test/List.test.ets,local-test,secretlockAllSuites,hvigorw.js --no-daemon test -p module=secretlock -p coverage=true,passed,33,33,100.00,30,30,100.00,1,1,100.00,AuthUtil.getErrorMsg,rerun passed: 4/4 tests,switch-statement_coverage.csv
9,1,original,@extrulesproject/switch-statement-check,agc-template-market-harmonyos-demos/CarsTemplate/DriverLicenseExam/commons/datasource/src/main/ets/ExamService.ets,290,350,yes,agc-template-market-harmonyos-demos/CarsTemplate/DriverLicenseExam/commons/datasource/src/test/ExamService.test.ets;agc-template-market-harmonyos-demos/CarsTemplate/DriverLicenseExam/commons/datasource/src/test/List.test.ets;agc-template-market-harmonyos-demos/CarsTemplate/DriverLicenseExam/commons/datasource/src/test/LocalUnit.test.ets,local-test,datasourceAllSuites,hvigorw.js --no-daemon test -p module=datasource -p coverage=true,passed,57,54,94.74,34,33,97.06,16,15,93.75,ExamService.getExamQuestionList;anonymous_25;anonymous_26;anonymous_27;anonymous_28;anonymous_29;anonymous_30;anonymous_31;anonymous_32;anonymous_33;anonymous_34;anonymous_35;anonymous_36;anonymous_37;anonymous_38;anonymous_39,rerun passed: 11/11 tests,switch-statement_coverage.csv
10,1,original,@extrulesproject/switch-statement-check,agc-template-market-harmonyos-demos/CarsTemplate/DriverLicenseExam/products/entry/src/main/ets/pages/specialExercises/SpecialExercisesView.ets,28,60,yes,agc-template-market-harmonyos-demos/CarsTemplate/DriverLicenseExam/products/entry/src/test/List.test.ets;agc-template-market-harmonyos-demos/CarsTemplate/DriverLicenseExam/products/entry/src/test/LocalUnit.test.ets;agc-template-market-harmonyos-demos/CarsTemplate/DriverLicenseExam/products/entry/src/test/SpecialExercisesView.test.ets,local-test,entryAllSuites,hvigorw.js --no-daemon test -p module=entry -p coverage=true,passed,27,27,100.00,14,14,100.00,3,3,100.00,setQuestionCount;anonymous_3;anonymous_4,rerun passed: 2/2 tests,switch-statement_coverage.csv
11,1,original,@extrulesproject/switch-statement-check,agc-template-market-harmonyos-demos/EducationTemplate/ArtTraining/Application/feature/mine/src/main/ets/utils/OrderUtil.ets,61,99,yes,agc-template-market-harmonyos-demos/EducationTemplate/ArtTraining/Application/feature/mine/src/test/List.test.ets;agc-template-market-harmonyos-demos/EducationTemplate/ArtTraining/Application/feature/mine/src/test/LocalUnit.test.ets;agc-template-market-harmonyos-demos/EducationTemplate/ArtTraining/Application/feature/mine/src/test/OrderUtil.test.ets,local-test,mineAllSuites,hvigorw.js --no-daemon test -p module=mine -p coverage=true,passed,33,29,87.88,18,16,88.89,1,1,100.00,OrderUtil.handleOrderOperation,rerun passed: 8/8 tests,switch-statement_coverage.csv
12,1,original,@extrulesproject/switch-statement-check,agc-template-market-harmonyos-demos/FinanceTemplate/FinancialManagement/commons/commonlib/src/main/ets/utils/FormatUtil.ets,120,150,yes,agc-template-market-harmonyos-demos/FinanceTemplate/FinancialManagement/commons/commonlib/src/test/FormatUtil.test.ets;agc-template-market-harmonyos-demos/FinanceTemplate/FinancialManagement/commons/commonlib/src/test/List.test.ets;agc-template-market-harmonyos-demos/FinanceTemplate/FinancialManagement/commons/commonlib/src/test/LocalUnit.test.ets,local-test,commonlibAllSuites,hvigorw.js --no-daemon test -p module=commonlib -p coverage=true,passed,27,27,100.00,24,24,100.00,1,1,100.00,FormatUtil.getTransactionStateTitle,rerun passed: 4/4 tests,switch-statement_coverage.csv
13,1,original,@extrulesproject/switch-statement-check,agc-template-market-harmonyos-demos/FoodAndDrinkTemplate/TeaDrinkOrders/commons/common/src/main/ets/mock/MockResponse.ets,5,68,yes,agc-template-market-harmonyos-demos/FoodAndDrinkTemplate/TeaDrinkOrders/commons/common/src/test/List.test.ets;agc-template-market-harmonyos-demos/FoodAndDrinkTemplate/TeaDrinkOrders/commons/common/src/test/LocalUnit.test.ets;agc-template-market-harmonyos-demos/FoodAndDrinkTemplate/TeaDrinkOrders/commons/common/src/test/MockResponse.test.ets,local-test,commonAllSuites,hvigorw.js --no-daemon test -p module=common -p coverage=true,passed,62,58,93.55,58,54,93.10,1,1,100.00,getMockResponse,rerun passed: 7/7 tests,switch-statement_coverage.csv
14,1,original,@extrulesproject/switch-statement-check,agc-template-market-harmonyos-demos/HealthAndFitnessTemplate/FitnessCenter/common/external_interactions/src/main/ets/Service/MockService.ets,335,350,yes,agc-template-market-harmonyos-demos/HealthAndFitnessTemplate/FitnessCenter/common/external_interactions/src/test/List.test.ets;agc-template-market-harmonyos-demos/HealthAndFitnessTemplate/FitnessCenter/common/external_interactions/src/test/LocalUnit.test.ets;agc-template-market-harmonyos-demos/HealthAndFitnessTemplate/FitnessCenter/common/external_interactions/src/test/MockService.test.ets,local-test,external_interactionsAllSuites,hvigorw.js --no-daemon test -p module=external_interactions -p coverage=true,passed,14,14,100.00,12,12,100.00,1,1,100.00,MockService.getBookStateString,rerun passed: 3/3 tests,switch-statement_coverage.csv
15,1,original,@extrulesproject/switch-statement-check,agc-template-market-harmonyos-demos/LifestyleAndServiceTemplate/HouseholdService/commons/lib_foundation/src/main/ets/http/HttpMockMap.ets,24,60,yes,agc-template-market-harmonyos-demos/LifestyleAndServiceTemplate/HouseholdService/commons/lib_foundation/src/test/HttpMockMap.test.ets;agc-template-market-harmonyos-demos/LifestyleAndServiceTemplate/HouseholdService/commons/lib_foundation/src/test/List.test.ets;agc-template-market-harmonyos-demos/LifestyleAndServiceTemplate/HouseholdService/commons/lib_foundation/src/test/LocalUnit.test.ets,local-test,lib_foundationAllSuites,hvigorw.js --no-daemon test -p module=lib_foundation -p coverage=true,passed,35,35,100.00,32,32,100.00,1,1,100.00,anonymous_0,rerun passed: 3/3 tests,switch-statement_coverage.csv
16,1,original,@extrulesproject/switch-statement-check,agc-template-market-harmonyos-demos/LifestyleAndServiceTemplate/LifeBeauty/commons/utils/src/main/ets/http/AxiosBase.ets,53,99,yes,agc-template-market-harmonyos-demos/LifestyleAndServiceTemplate/LifeBeauty/commons/utils/src/test/AxiosBase.test.ets;agc-template-market-harmonyos-demos/LifestyleAndServiceTemplate/LifeBeauty/commons/utils/src/test/List.test.ets;agc-template-market-harmonyos-demos/LifestyleAndServiceTemplate/LifeBeauty/commons/utils/src/test/LocalUnit.test.ets,local-test,utilsAllSuites,hvigorw.js --no-daemon test -p module=utils -p coverage=true,passed,45,45,100.00,42,42,100.00,1,1,100.00,anonymous_7,rerun passed: 6/6 tests,switch-statement_coverage.csv
17,1,original,@extrulesproject/switch-statement-check,agc-template-market-harmonyos-demos/LifestyleAndServiceTemplate/Parking/commons/componentLib/src/main/ets/components/CommonKeyboard.ets,89,107,yes,agc-template-market-harmonyos-demos/LifestyleAndServiceTemplate/Parking/commons/componentLib/src/test/CommonKeyboard.test.ets;agc-template-market-harmonyos-demos/LifestyleAndServiceTemplate/Parking/commons/componentLib/src/test/List.test.ets;agc-template-market-harmonyos-demos/LifestyleAndServiceTemplate/Parking/commons/componentLib/src/test/LocalUnit.test.ets,local-test,componentLibAllSuites,hvigorw.js --no-daemon test -p module=componentLib -p coverage=true,passed,17,17,100.00,16,16,100.00,1,1,100.00,intDisableKey,rerun passed: 5/5 tests,switch-statement_coverage.csv
18,1,original,@extrulesproject/switch-statement-check,agc-template-market-harmonyos-demos/LifestyleAndServiceTemplate/ShoppingMall/commons/lib_common/src/main/ets/httprequest/AxiosHttp.ets,103,140,yes,agc-template-market-harmonyos-demos/LifestyleAndServiceTemplate/ShoppingMall/commons/lib_common/src/test/AxiosHttp.test.ets;agc-template-market-harmonyos-demos/LifestyleAndServiceTemplate/ShoppingMall/commons/lib_common/src/test/List.test.ets;agc-template-market-harmonyos-demos/LifestyleAndServiceTemplate/ShoppingMall/commons/lib_common/src/test/LocalUnit.test.ets,local-test,lib_commonAllSuites,hvigorw.js --no-daemon test -p module=lib_common -p coverage=true,passed,36,36,100.00,32,32,100.00,1,1,100.00,getMockResponse,rerun passed: 6/6 tests,switch-statement_coverage.csv
19,1,original,@extrulesproject/switch-statement-check,agc-template-market-harmonyos-demos/LifestyleAndServiceTemplate/ShoppingMall/components/module_keyboard/src/main/ets/components/UILicensePlate.ets,460,478,yes,agc-template-market-harmonyos-demos/LifestyleAndServiceTemplate/ShoppingMall/components/module_keyboard/src/test/List.test.ets;agc-template-market-harmonyos-demos/LifestyleAndServiceTemplate/ShoppingMall/components/module_keyboard/src/test/LocalUnit.test.ets;agc-template-market-harmonyos-demos/LifestyleAndServiceTemplate/ShoppingMall/components/module_keyboard/src/test/UILicensePlate.test.ets,local-test,module_keyboardAllSuites,hvigorw.js --no-daemon test -p module=module_keyboard -p coverage=true,passed,17,17,100.00,16,16,100.00,1,1,100.00,intDisableKey,rerun passed: 4/4 tests,switch-statement_coverage.csv
